data_type	comparison	model	curve_type	x	mean	lower	upper
Abundance	CIN_vs_Ca	Boruta_RF	roc	0	0.602233333333335	0.2	1
Abundance	CIN_vs_Ca	Boruta_RF	roc	0.005	0.625302708333337	0.22	1
Abundance	CIN_vs_Ca	Boruta_RF	roc	0.01	0.648372083333334	0.26	1
Abundance	CIN_vs_Ca	Boruta_RF	roc	0.015	0.671441458333332	0.29	1
Abundance	CIN_vs_Ca	Boruta_RF	roc	0.02	0.694510833333336	0.32	1
Abundance	CIN_vs_Ca	Boruta_RF	roc	0.025	0.717580208333334	0.35	1
Abundance	CIN_vs_Ca	Boruta_RF	roc	0.03	0.740649583333336	0.376666666666667	1
Abundance	CIN_vs_Ca	Boruta_RF	roc	0.035	0.76371895833333	0.395	1
Abundance	CIN_vs_Ca	Boruta_RF	roc	0.04	0.786788333333335	0.413333333333333	1
Abundance	CIN_vs_Ca	Boruta_RF	roc	0.045	0.809857708333334	0.431666666666667	1
Abundance	CIN_vs_Ca	Boruta_RF	roc	0.05	0.832927083333328	0.458333333333333	1
Abundance	CIN_vs_Ca	Boruta_RF	roc	0.055	0.855996458333337	0.490833333333333	1
Abundance	CIN_vs_Ca	Boruta_RF	roc	0.06	0.879065833333346	0.523333333333333	1
Abundance	CIN_vs_Ca	Boruta_RF	roc	0.065	0.902135208333331	0.55	1
Abundance	CIN_vs_Ca	Boruta_RF	roc	0.07	0.913514583333332	0.566666666666667	1
Abundance	CIN_vs_Ca	Boruta_RF	roc	0.075	0.919048958333331	0.583333333333333	1
Abundance	CIN_vs_Ca	Boruta_RF	roc	0.08	0.924583333333334	0.6	1
Abundance	CIN_vs_Ca	Boruta_RF	roc	0.085	0.930117708333334	0.616666666666667	1
Abundance	CIN_vs_Ca	Boruta_RF	roc	0.09	0.935652083333334	0.633333333333333	1
Abundance	CIN_vs_Ca	Boruta_RF	roc	0.095	0.941186458333334	0.65	1
Abundance	CIN_vs_Ca	Boruta_RF	roc	0.1	0.94672083333333	0.666666666666667	1
Abundance	CIN_vs_Ca	Boruta_RF	roc	0.105	0.952255208333333	0.683333333333334	1
Abundance	CIN_vs_Ca	Boruta_RF	roc	0.11	0.957789583333334	0.7	1
Abundance	CIN_vs_Ca	Boruta_RF	roc	0.115	0.963323958333332	0.716666666666667	1
Abundance	CIN_vs_Ca	Boruta_RF	roc	0.12	0.968858333333338	0.733333333333333	1
Abundance	CIN_vs_Ca	Boruta_RF	roc	0.125	0.974392708333335	0.75	1
Abundance	CIN_vs_Ca	Boruta_RF	roc	0.13	0.979927083333329	0.760833333333333	1
Abundance	CIN_vs_Ca	Boruta_RF	roc	0.135	0.983969791666667	0.769583333333333	1
Abundance	CIN_vs_Ca	Boruta_RF	roc	0.14	0.985029166666666	0.78	1
Abundance	CIN_vs_Ca	Boruta_RF	roc	0.145	0.986088541666667	0.798333333333333	1
Abundance	CIN_vs_Ca	Boruta_RF	roc	0.15	0.987147916666666	0.816666666666667	1
Abundance	CIN_vs_Ca	Boruta_RF	roc	0.155	0.988207291666667	0.835	1
Abundance	CIN_vs_Ca	Boruta_RF	roc	0.16	0.989266666666668	0.853333333333334	1
Abundance	CIN_vs_Ca	Boruta_RF	roc	0.165	0.990326041666667	0.871666666666667	1
Abundance	CIN_vs_Ca	Boruta_RF	roc	0.17	0.991385416666669	0.89	1
Abundance	CIN_vs_Ca	Boruta_RF	roc	0.175	0.992444791666667	0.908333333333334	1
Abundance	CIN_vs_Ca	Boruta_RF	roc	0.18	0.993504166666668	0.926666666666667	1
Abundance	CIN_vs_Ca	Boruta_RF	roc	0.185	0.994563541666666	0.945	1
Abundance	CIN_vs_Ca	Boruta_RF	roc	0.19	0.995622916666668	0.963333333333333	1
Abundance	CIN_vs_Ca	Boruta_RF	roc	0.195	0.996682291666666	0.981666666666667	1
Abundance	CIN_vs_Ca	Boruta_RF	roc	0.2	0.997741666666666	1	1
Abundance	CIN_vs_Ca	Boruta_RF	roc	0.205	0.997893541666667	1	1
Abundance	CIN_vs_Ca	Boruta_RF	roc	0.21	0.998045416666667	1	1
Abundance	CIN_vs_Ca	Boruta_RF	roc	0.215	0.998197291666667	1	1
Abundance	CIN_vs_Ca	Boruta_RF	roc	0.22	0.998349166666667	1	1
Abundance	CIN_vs_Ca	Boruta_RF	roc	0.225	0.998501041666667	1	1
Abundance	CIN_vs_Ca	Boruta_RF	roc	0.23	0.998652916666666	1	1
Abundance	CIN_vs_Ca	Boruta_RF	roc	0.235	0.998804791666667	1	1
Abundance	CIN_vs_Ca	Boruta_RF	roc	0.24	0.998956666666667	1	1
Abundance	CIN_vs_Ca	Boruta_RF	roc	0.245	0.999108541666667	1	1
Abundance	CIN_vs_Ca	Boruta_RF	roc	0.25	0.999260416666667	1	1
Abundance	CIN_vs_Ca	Boruta_RF	roc	0.255	0.999412291666667	1	1
Abundance	CIN_vs_Ca	Boruta_RF	roc	0.26	0.999564166666666	1	1
Abundance	CIN_vs_Ca	Boruta_RF	roc	0.265	0.999716041666667	1	1
Abundance	CIN_vs_Ca	Boruta_RF	roc	0.27	0.999778333333333	1	1
Abundance	CIN_vs_Ca	Boruta_RF	roc	0.275	0.999795833333333	1	1
Abundance	CIN_vs_Ca	Boruta_RF	roc	0.28	0.999813333333334	1	1
Abundance	CIN_vs_Ca	Boruta_RF	roc	0.285	0.999830833333333	1	1
Abundance	CIN_vs_Ca	Boruta_RF	roc	0.29	0.999848333333333	1	1
Abundance	CIN_vs_Ca	Boruta_RF	roc	0.295	0.999865833333333	1	1
Abundance	CIN_vs_Ca	Boruta_RF	roc	0.3	0.999883333333333	1	1
Abundance	CIN_vs_Ca	Boruta_RF	roc	0.305	0.999900833333333	1	1
Abundance	CIN_vs_Ca	Boruta_RF	roc	0.31	0.999918333333333	1	1
Abundance	CIN_vs_Ca	Boruta_RF	roc	0.315	0.999935833333333	1	1
Abundance	CIN_vs_Ca	Boruta_RF	roc	0.32	0.999953333333333	1	1
Abundance	CIN_vs_Ca	Boruta_RF	roc	0.325	0.999970833333333	1	1
Abundance	CIN_vs_Ca	Boruta_RF	roc	0.33	0.999988333333333	1	1
Abundance	CIN_vs_Ca	Boruta_RF	roc	0.335	1	1	1
Abundance	CIN_vs_Ca	Boruta_RF	roc	0.34	1	1	1
Abundance	CIN_vs_Ca	Boruta_RF	roc	0.345	1	1	1
Abundance	CIN_vs_Ca	Boruta_RF	roc	0.35	1	1	1
Abundance	CIN_vs_Ca	Boruta_RF	roc	0.355	1	1	1
Abundance	CIN_vs_Ca	Boruta_RF	roc	0.36	1	1	1
Abundance	CIN_vs_Ca	Boruta_RF	roc	0.365	1	1	1
Abundance	CIN_vs_Ca	Boruta_RF	roc	0.37	1	1	1
Abundance	CIN_vs_Ca	Boruta_RF	roc	0.375	1	1	1
Abundance	CIN_vs_Ca	Boruta_RF	roc	0.38	1	1	1
Abundance	CIN_vs_Ca	Boruta_RF	roc	0.385	1	1	1
Abundance	CIN_vs_Ca	Boruta_RF	roc	0.39	1	1	1
Abundance	CIN_vs_Ca	Boruta_RF	roc	0.395	1	1	1
Abundance	CIN_vs_Ca	Boruta_RF	roc	0.4	1	1	1
Abundance	CIN_vs_Ca	Boruta_RF	roc	0.405	1	1	1
Abundance	CIN_vs_Ca	Boruta_RF	roc	0.41	1	1	1
Abundance	CIN_vs_Ca	Boruta_RF	roc	0.415	1	1	1
Abundance	CIN_vs_Ca	Boruta_RF	roc	0.42	1	1	1
Abundance	CIN_vs_Ca	Boruta_RF	roc	0.425	1	1	1
Abundance	CIN_vs_Ca	Boruta_RF	roc	0.43	1	1	1
Abundance	CIN_vs_Ca	Boruta_RF	roc	0.435	1	1	1
Abundance	CIN_vs_Ca	Boruta_RF	roc	0.44	1	1	1
Abundance	CIN_vs_Ca	Boruta_RF	roc	0.445	1	1	1
Abundance	CIN_vs_Ca	Boruta_RF	roc	0.45	1	1	1
Abundance	CIN_vs_Ca	Boruta_RF	roc	0.455	1	1	1
Abundance	CIN_vs_Ca	Boruta_RF	roc	0.46	1	1	1
Abundance	CIN_vs_Ca	Boruta_RF	roc	0.465	1	1	1
Abundance	CIN_vs_Ca	Boruta_RF	roc	0.47	1	1	1
Abundance	CIN_vs_Ca	Boruta_RF	roc	0.475	1	1	1
Abundance	CIN_vs_Ca	Boruta_RF	roc	0.48	1	1	1
Abundance	CIN_vs_Ca	Boruta_RF	roc	0.485	1	1	1
Abundance	CIN_vs_Ca	Boruta_RF	roc	0.49	1	1	1
Abundance	CIN_vs_Ca	Boruta_RF	roc	0.495	1	1	1
Abundance	CIN_vs_Ca	Boruta_RF	roc	0.5	1	1	1
Abundance	CIN_vs_Ca	Boruta_RF	roc	0.505	1	1	1
Abundance	CIN_vs_Ca	Boruta_RF	roc	0.51	1	1	1
Abundance	CIN_vs_Ca	Boruta_RF	roc	0.515	1	1	1
Abundance	CIN_vs_Ca	Boruta_RF	roc	0.52	1	1	1
Abundance	CIN_vs_Ca	Boruta_RF	roc	0.525	1	1	1
Abundance	CIN_vs_Ca	Boruta_RF	roc	0.53	1	1	1
Abundance	CIN_vs_Ca	Boruta_RF	roc	0.535	1	1	1
Abundance	CIN_vs_Ca	Boruta_RF	roc	0.54	1	1	1
Abundance	CIN_vs_Ca	Boruta_RF	roc	0.545	1	1	1
Abundance	CIN_vs_Ca	Boruta_RF	roc	0.55	1	1	1
Abundance	CIN_vs_Ca	Boruta_RF	roc	0.555	1	1	1
Abundance	CIN_vs_Ca	Boruta_RF	roc	0.56	1	1	1
Abundance	CIN_vs_Ca	Boruta_RF	roc	0.565	1	1	1
Abundance	CIN_vs_Ca	Boruta_RF	roc	0.57	1	1	1
Abundance	CIN_vs_Ca	Boruta_RF	roc	0.575	1	1	1
Abundance	CIN_vs_Ca	Boruta_RF	roc	0.58	1	1	1
Abundance	CIN_vs_Ca	Boruta_RF	roc	0.585	1	1	1
Abundance	CIN_vs_Ca	Boruta_RF	roc	0.59	1	1	1
Abundance	CIN_vs_Ca	Boruta_RF	roc	0.595	1	1	1
Abundance	CIN_vs_Ca	Boruta_RF	roc	0.6	1	1	1
Abundance	CIN_vs_Ca	Boruta_RF	roc	0.605	1	1	1
Abundance	CIN_vs_Ca	Boruta_RF	roc	0.61	1	1	1
Abundance	CIN_vs_Ca	Boruta_RF	roc	0.615	1	1	1
Abundance	CIN_vs_Ca	Boruta_RF	roc	0.62	1	1	1
Abundance	CIN_vs_Ca	Boruta_RF	roc	0.625	1	1	1
Abundance	CIN_vs_Ca	Boruta_RF	roc	0.63	1	1	1
Abundance	CIN_vs_Ca	Boruta_RF	roc	0.635	1	1	1
Abundance	CIN_vs_Ca	Boruta_RF	roc	0.64	1	1	1
Abundance	CIN_vs_Ca	Boruta_RF	roc	0.645	1	1	1
Abundance	CIN_vs_Ca	Boruta_RF	roc	0.65	1	1	1
Abundance	CIN_vs_Ca	Boruta_RF	roc	0.655	1	1	1
Abundance	CIN_vs_Ca	Boruta_RF	roc	0.66	1	1	1
Abundance	CIN_vs_Ca	Boruta_RF	roc	0.665	1	1	1
Abundance	CIN_vs_Ca	Boruta_RF	roc	0.67	1	1	1
Abundance	CIN_vs_Ca	Boruta_RF	roc	0.675	1	1	1
Abundance	CIN_vs_Ca	Boruta_RF	roc	0.68	1	1	1
Abundance	CIN_vs_Ca	Boruta_RF	roc	0.685	1	1	1
Abundance	CIN_vs_Ca	Boruta_RF	roc	0.69	1	1	1
Abundance	CIN_vs_Ca	Boruta_RF	roc	0.695	1	1	1
Abundance	CIN_vs_Ca	Boruta_RF	roc	0.7	1	1	1
Abundance	CIN_vs_Ca	Boruta_RF	roc	0.705	1	1	1
Abundance	CIN_vs_Ca	Boruta_RF	roc	0.71	1	1	1
Abundance	CIN_vs_Ca	Boruta_RF	roc	0.715	1	1	1
Abundance	CIN_vs_Ca	Boruta_RF	roc	0.72	1	1	1
Abundance	CIN_vs_Ca	Boruta_RF	roc	0.725	1	1	1
Abundance	CIN_vs_Ca	Boruta_RF	roc	0.73	1	1	1
Abundance	CIN_vs_Ca	Boruta_RF	roc	0.735	1	1	1
Abundance	CIN_vs_Ca	Boruta_RF	roc	0.74	1	1	1
Abundance	CIN_vs_Ca	Boruta_RF	roc	0.745	1	1	1
Abundance	CIN_vs_Ca	Boruta_RF	roc	0.75	1	1	1
Abundance	CIN_vs_Ca	Boruta_RF	roc	0.755	1	1	1
Abundance	CIN_vs_Ca	Boruta_RF	roc	0.76	1	1	1
Abundance	CIN_vs_Ca	Boruta_RF	roc	0.765	1	1	1
Abundance	CIN_vs_Ca	Boruta_RF	roc	0.77	1	1	1
Abundance	CIN_vs_Ca	Boruta_RF	roc	0.775	1	1	1
Abundance	CIN_vs_Ca	Boruta_RF	roc	0.78	1	1	1
Abundance	CIN_vs_Ca	Boruta_RF	roc	0.785	1	1	1
Abundance	CIN_vs_Ca	Boruta_RF	roc	0.79	1	1	1
Abundance	CIN_vs_Ca	Boruta_RF	roc	0.795	1	1	1
Abundance	CIN_vs_Ca	Boruta_RF	roc	0.8	1	1	1
Abundance	CIN_vs_Ca	Boruta_RF	roc	0.805	1	1	1
Abundance	CIN_vs_Ca	Boruta_RF	roc	0.81	1	1	1
Abundance	CIN_vs_Ca	Boruta_RF	roc	0.815	1	1	1
Abundance	CIN_vs_Ca	Boruta_RF	roc	0.82	1	1	1
Abundance	CIN_vs_Ca	Boruta_RF	roc	0.825	1	1	1
Abundance	CIN_vs_Ca	Boruta_RF	roc	0.83	1	1	1
Abundance	CIN_vs_Ca	Boruta_RF	roc	0.835	1	1	1
Abundance	CIN_vs_Ca	Boruta_RF	roc	0.84	1	1	1
Abundance	CIN_vs_Ca	Boruta_RF	roc	0.845	1	1	1
Abundance	CIN_vs_Ca	Boruta_RF	roc	0.85	1	1	1
Abundance	CIN_vs_Ca	Boruta_RF	roc	0.855	1	1	1
Abundance	CIN_vs_Ca	Boruta_RF	roc	0.86	1	1	1
Abundance	CIN_vs_Ca	Boruta_RF	roc	0.865	1	1	1
Abundance	CIN_vs_Ca	Boruta_RF	roc	0.87	1	1	1
Abundance	CIN_vs_Ca	Boruta_RF	roc	0.875	1	1	1
Abundance	CIN_vs_Ca	Boruta_RF	roc	0.88	1	1	1
Abundance	CIN_vs_Ca	Boruta_RF	roc	0.885	1	1	1
Abundance	CIN_vs_Ca	Boruta_RF	roc	0.89	1	1	1
Abundance	CIN_vs_Ca	Boruta_RF	roc	0.895	1	1	1
Abundance	CIN_vs_Ca	Boruta_RF	roc	0.9	1	1	1
Abundance	CIN_vs_Ca	Boruta_RF	roc	0.905	1	1	1
Abundance	CIN_vs_Ca	Boruta_RF	roc	0.91	1	1	1
Abundance	CIN_vs_Ca	Boruta_RF	roc	0.915	1	1	1
Abundance	CIN_vs_Ca	Boruta_RF	roc	0.92	1	1	1
Abundance	CIN_vs_Ca	Boruta_RF	roc	0.925	1	1	1
Abundance	CIN_vs_Ca	Boruta_RF	roc	0.93	1	1	1
Abundance	CIN_vs_Ca	Boruta_RF	roc	0.935	1	1	1
Abundance	CIN_vs_Ca	Boruta_RF	roc	0.94	1	1	1
Abundance	CIN_vs_Ca	Boruta_RF	roc	0.945	1	1	1
Abundance	CIN_vs_Ca	Boruta_RF	roc	0.95	1	1	1
Abundance	CIN_vs_Ca	Boruta_RF	roc	0.955	1	1	1
Abundance	CIN_vs_Ca	Boruta_RF	roc	0.96	1	1	1
Abundance	CIN_vs_Ca	Boruta_RF	roc	0.965	1	1	1
Abundance	CIN_vs_Ca	Boruta_RF	roc	0.97	1	1	1
Abundance	CIN_vs_Ca	Boruta_RF	roc	0.975	1	1	1
Abundance	CIN_vs_Ca	Boruta_RF	roc	0.98	1	1	1
Abundance	CIN_vs_Ca	Boruta_RF	roc	0.985	1	1	1
Abundance	CIN_vs_Ca	Boruta_RF	roc	0.99	1	1	1
Abundance	CIN_vs_Ca	Boruta_RF	roc	0.995	1	1	1
Abundance	CIN_vs_Ca	Boruta_RF	roc	1	1	1	1
Abundance	CIN_vs_Ca	Boruta_RF	pr	0	1	1	1
Abundance	CIN_vs_Ca	Boruta_RF	pr	0.005	0.9999671875	1	1
Abundance	CIN_vs_Ca	Boruta_RF	pr	0.01	0.999934375	1	1
Abundance	CIN_vs_Ca	Boruta_RF	pr	0.015	0.9999015625	1	1
Abundance	CIN_vs_Ca	Boruta_RF	pr	0.02	0.99986875	1	1
Abundance	CIN_vs_Ca	Boruta_RF	pr	0.025	0.9998359375	1	1
Abundance	CIN_vs_Ca	Boruta_RF	pr	0.03	0.999803125	1	1
Abundance	CIN_vs_Ca	Boruta_RF	pr	0.035	0.9997703125	1	1
Abundance	CIN_vs_Ca	Boruta_RF	pr	0.04	0.9997375	1	1
Abundance	CIN_vs_Ca	Boruta_RF	pr	0.045	0.9997046875	1	1
Abundance	CIN_vs_Ca	Boruta_RF	pr	0.05	0.999671875	1	1
Abundance	CIN_vs_Ca	Boruta_RF	pr	0.055	0.9996390625	1	1
Abundance	CIN_vs_Ca	Boruta_RF	pr	0.06	0.99960625	1	1
Abundance	CIN_vs_Ca	Boruta_RF	pr	0.065	0.9995734375	1	1
Abundance	CIN_vs_Ca	Boruta_RF	pr	0.07	0.999487053571429	1	1
Abundance	CIN_vs_Ca	Boruta_RF	pr	0.075	0.999373883928571	1	1
Abundance	CIN_vs_Ca	Boruta_RF	pr	0.08	0.999260714285714	1	1
Abundance	CIN_vs_Ca	Boruta_RF	pr	0.085	0.999147544642857	1	1
Abundance	CIN_vs_Ca	Boruta_RF	pr	0.09	0.999034375	1	1
Abundance	CIN_vs_Ca	Boruta_RF	pr	0.095	0.998921205357143	1	1
Abundance	CIN_vs_Ca	Boruta_RF	pr	0.1	0.998808035714286	1	1
Abundance	CIN_vs_Ca	Boruta_RF	pr	0.105	0.998694866071429	1	1
Abundance	CIN_vs_Ca	Boruta_RF	pr	0.11	0.998581696428572	1	1
Abundance	CIN_vs_Ca	Boruta_RF	pr	0.115	0.998468526785714	1	1
Abundance	CIN_vs_Ca	Boruta_RF	pr	0.12	0.998355357142857	1	1
Abundance	CIN_vs_Ca	Boruta_RF	pr	0.125	0.9982421875	1	1
Abundance	CIN_vs_Ca	Boruta_RF	pr	0.13	0.998129017857143	1	1
Abundance	CIN_vs_Ca	Boruta_RF	pr	0.135	0.997893639820828	0.995833333333333	1
Abundance	CIN_vs_Ca	Boruta_RF	pr	0.14	0.997413844997595	0.983333333333333	1
Abundance	CIN_vs_Ca	Boruta_RF	pr	0.145	0.996934050174362	0.970833333333333	1
Abundance	CIN_vs_Ca	Boruta_RF	pr	0.15	0.996454255351131	0.958333333333333	1
Abundance	CIN_vs_Ca	Boruta_RF	pr	0.155	0.995974460527898	0.945833333333333	1
Abundance	CIN_vs_Ca	Boruta_RF	pr	0.16	0.995494665704666	0.933333333333333	1
Abundance	CIN_vs_Ca	Boruta_RF	pr	0.165	0.995014870881433	0.920833333333333	1
Abundance	CIN_vs_Ca	Boruta_RF	pr	0.17	0.994535076058201	0.908333333333333	1
Abundance	CIN_vs_Ca	Boruta_RF	pr	0.175	0.994055281234968	0.895833333333333	1
Abundance	CIN_vs_Ca	Boruta_RF	pr	0.18	0.993575486411737	0.883333333333333	1
Abundance	CIN_vs_Ca	Boruta_RF	pr	0.185	0.993095691588504	0.870833333333333	1
Abundance	CIN_vs_Ca	Boruta_RF	pr	0.19	0.992615896765271	0.858333333333333	1
Abundance	CIN_vs_Ca	Boruta_RF	pr	0.195	0.99213610194204	0.845833333333333	1
Abundance	CIN_vs_Ca	Boruta_RF	pr	0.2	0.991656307118807	0.833333333333333	1
Abundance	CIN_vs_Ca	Boruta_RF	pr	0.205	0.990778736597589	0.830833333333333	1
Abundance	CIN_vs_Ca	Boruta_RF	pr	0.21	0.98990116607637	0.828333333333333	1
Abundance	CIN_vs_Ca	Boruta_RF	pr	0.215	0.989023595555151	0.825833333333334	1
Abundance	CIN_vs_Ca	Boruta_RF	pr	0.22	0.988146025033934	0.823333333333333	1
Abundance	CIN_vs_Ca	Boruta_RF	pr	0.225	0.987268454512714	0.820833333333333	1
Abundance	CIN_vs_Ca	Boruta_RF	pr	0.23	0.986390883991498	0.818333333333333	1
Abundance	CIN_vs_Ca	Boruta_RF	pr	0.235	0.985513313470277	0.815833333333334	1
Abundance	CIN_vs_Ca	Boruta_RF	pr	0.24	0.98463574294906	0.8	1
Abundance	CIN_vs_Ca	Boruta_RF	pr	0.245	0.98375817242784	0.78375	1
Abundance	CIN_vs_Ca	Boruta_RF	pr	0.25	0.982880601906621	0.7875	1
Abundance	CIN_vs_Ca	Boruta_RF	pr	0.255	0.982003031385403	0.79125	1
Abundance	CIN_vs_Ca	Boruta_RF	pr	0.26	0.981125460864184	0.795	1
Abundance	CIN_vs_Ca	Boruta_RF	pr	0.265	0.980247890342965	0.783333333333333	1
Abundance	CIN_vs_Ca	Boruta_RF	pr	0.27	0.979203031180382	0.774603174603175	1
Abundance	CIN_vs_Ca	Boruta_RF	pr	0.275	0.978074527697108	0.76984126984127	1
Abundance	CIN_vs_Ca	Boruta_RF	pr	0.28	0.976946024213842	0.765079365079365	1
Abundance	CIN_vs_Ca	Boruta_RF	pr	0.285	0.975817520730572	0.76031746031746	1
Abundance	CIN_vs_Ca	Boruta_RF	pr	0.29	0.974689017247306	0.755555555555556	1
Abundance	CIN_vs_Ca	Boruta_RF	pr	0.295	0.973560513764034	0.750793650793651	1
Abundance	CIN_vs_Ca	Boruta_RF	pr	0.3	0.972432010280764	0.746031746031746	1
Abundance	CIN_vs_Ca	Boruta_RF	pr	0.305	0.971303506797496	0.741269841269841	1
Abundance	CIN_vs_Ca	Boruta_RF	pr	0.31	0.970175003314228	0.726393849206349	1
Abundance	CIN_vs_Ca	Boruta_RF	pr	0.315	0.969046499830958	0.723534226190476	1
Abundance	CIN_vs_Ca	Boruta_RF	pr	0.32	0.967917996347685	0.704761904761905	1
Abundance	CIN_vs_Ca	Boruta_RF	pr	0.325	0.966789492864418	0.708333333333333	1
Abundance	CIN_vs_Ca	Boruta_RF	pr	0.33	0.965660989381152	0.711904761904762	1
Abundance	CIN_vs_Ca	Boruta_RF	pr	0.335	0.964405223377716	0.715178571428571	1
Abundance	CIN_vs_Ca	Boruta_RF	pr	0.34	0.962894932333944	0.717857142857143	1
Abundance	CIN_vs_Ca	Boruta_RF	pr	0.345	0.961384641290178	0.720535714285714	1
Abundance	CIN_vs_Ca	Boruta_RF	pr	0.35	0.959874350246412	0.723214285714286	1
Abundance	CIN_vs_Ca	Boruta_RF	pr	0.355	0.958364059202643	0.725892857142857	1
Abundance	CIN_vs_Ca	Boruta_RF	pr	0.36	0.956853768158876	0.728571428571429	1
Abundance	CIN_vs_Ca	Boruta_RF	pr	0.365	0.955343477115111	0.73125	1
Abundance	CIN_vs_Ca	Boruta_RF	pr	0.37	0.953833186071338	0.733928571428571	1
Abundance	CIN_vs_Ca	Boruta_RF	pr	0.375	0.95232289502757	0.736607142857143	1
Abundance	CIN_vs_Ca	Boruta_RF	pr	0.38	0.950812603983804	0.739285714285714	1
Abundance	CIN_vs_Ca	Boruta_RF	pr	0.385	0.949302312940038	0.741964285714286	1
Abundance	CIN_vs_Ca	Boruta_RF	pr	0.39	0.947792021896271	0.744642857142857	1
Abundance	CIN_vs_Ca	Boruta_RF	pr	0.395	0.946281730852504	0.747321428571429	1
Abundance	CIN_vs_Ca	Boruta_RF	pr	0.4	0.944771439808736	0.75	1
Abundance	CIN_vs_Ca	Boruta_RF	pr	0.405	0.943411424582011	0.74625	1
Abundance	CIN_vs_Ca	Boruta_RF	pr	0.41	0.942051409355293	0.7425	1
Abundance	CIN_vs_Ca	Boruta_RF	pr	0.415	0.940691394128567	0.73875	1
Abundance	CIN_vs_Ca	Boruta_RF	pr	0.42	0.939331378901852	0.735	1
Abundance	CIN_vs_Ca	Boruta_RF	pr	0.425	0.937971363675128	0.73125	1
Abundance	CIN_vs_Ca	Boruta_RF	pr	0.43	0.936611348448409	0.727471590909091	1
Abundance	CIN_vs_Ca	Boruta_RF	pr	0.435	0.935251333221687	0.723508522727273	1
Abundance	CIN_vs_Ca	Boruta_RF	pr	0.44	0.933891317994975	0.719772727272727	1
Abundance	CIN_vs_Ca	Boruta_RF	pr	0.445	0.932531302768255	0.716065340909091	1
Abundance	CIN_vs_Ca	Boruta_RF	pr	0.45	0.931171287541533	0.712357954545455	1
Abundance	CIN_vs_Ca	Boruta_RF	pr	0.455	0.929811272314811	0.7	1
Abundance	CIN_vs_Ca	Boruta_RF	pr	0.46	0.928451257088094	0.696666666666667	1
Abundance	CIN_vs_Ca	Boruta_RF	pr	0.465	0.92709124186137	0.699166666666667	1
Abundance	CIN_vs_Ca	Boruta_RF	pr	0.47	0.926137211643726	0.701363636363636	1
Abundance	CIN_vs_Ca	Boruta_RF	pr	0.475	0.925386173930627	0.703409090909091	1
Abundance	CIN_vs_Ca	Boruta_RF	pr	0.48	0.924635136217528	0.705454545454546	1
Abundance	CIN_vs_Ca	Boruta_RF	pr	0.485	0.923884098504428	0.7075	1
Abundance	CIN_vs_Ca	Boruta_RF	pr	0.49	0.923133060791333	0.709545454545455	1
Abundance	CIN_vs_Ca	Boruta_RF	pr	0.495	0.922382023078237	0.711590909090909	1
Abundance	CIN_vs_Ca	Boruta_RF	pr	0.5	0.921630985365132	0.713636363636364	1
Abundance	CIN_vs_Ca	Boruta_RF	pr	0.505	0.920879947652059	0.715681818181818	1
Abundance	CIN_vs_Ca	Boruta_RF	pr	0.51	0.920128909938962	0.717727272727273	1
Abundance	CIN_vs_Ca	Boruta_RF	pr	0.515	0.91937787222586	0.719772727272727	1
Abundance	CIN_vs_Ca	Boruta_RF	pr	0.52	0.918626834512765	0.721818181818182	1
Abundance	CIN_vs_Ca	Boruta_RF	pr	0.525	0.917875796799665	0.723863636363636	1
Abundance	CIN_vs_Ca	Boruta_RF	pr	0.53	0.917124759086567	0.725909090909091	1
Abundance	CIN_vs_Ca	Boruta_RF	pr	0.535	0.916548547278361	0.727840909090909	1
Abundance	CIN_vs_Ca	Boruta_RF	pr	0.54	0.916321987279981	0.729545454545455	1
Abundance	CIN_vs_Ca	Boruta_RF	pr	0.545	0.916095427281597	0.73125	1
Abundance	CIN_vs_Ca	Boruta_RF	pr	0.55	0.915868867283183	0.732954545454545	1
Abundance	CIN_vs_Ca	Boruta_RF	pr	0.555	0.915642307284801	0.734659090909091	1
Abundance	CIN_vs_Ca	Boruta_RF	pr	0.56	0.915415747286421	0.736363636363636	1
Abundance	CIN_vs_Ca	Boruta_RF	pr	0.565	0.915189187288032	0.738068181818182	1
Abundance	CIN_vs_Ca	Boruta_RF	pr	0.57	0.914962627289625	0.739772727272727	1
Abundance	CIN_vs_Ca	Boruta_RF	pr	0.575	0.914736067291237	0.741477272727273	1
Abundance	CIN_vs_Ca	Boruta_RF	pr	0.58	0.914509507292861	0.743181818181818	1
Abundance	CIN_vs_Ca	Boruta_RF	pr	0.585	0.914282947294476	0.744886363636364	1
Abundance	CIN_vs_Ca	Boruta_RF	pr	0.59	0.914056387296064	0.746590909090909	1
Abundance	CIN_vs_Ca	Boruta_RF	pr	0.595	0.913829827297682	0.748295454545454	1
Abundance	CIN_vs_Ca	Boruta_RF	pr	0.6	0.913603267299302	0.75	1
Abundance	CIN_vs_Ca	Boruta_RF	pr	0.605	0.913783699185907	0.751442307692308	1
Abundance	CIN_vs_Ca	Boruta_RF	pr	0.61	0.91396413107253	0.752884615384615	1
Abundance	CIN_vs_Ca	Boruta_RF	pr	0.615	0.914144562959155	0.754326923076923	1
Abundance	CIN_vs_Ca	Boruta_RF	pr	0.62	0.914324994845776	0.755769230769231	1
Abundance	CIN_vs_Ca	Boruta_RF	pr	0.625	0.914505426732381	0.757211538461538	1
Abundance	CIN_vs_Ca	Boruta_RF	pr	0.63	0.914685858619007	0.758653846153846	1
Abundance	CIN_vs_Ca	Boruta_RF	pr	0.635	0.914866290505632	0.760096153846154	1
Abundance	CIN_vs_Ca	Boruta_RF	pr	0.64	0.915046722392252	0.761538461538462	1
Abundance	CIN_vs_Ca	Boruta_RF	pr	0.645	0.91522715427886	0.762980769230769	1
Abundance	CIN_vs_Ca	Boruta_RF	pr	0.65	0.915407586165484	0.764423076923077	1
Abundance	CIN_vs_Ca	Boruta_RF	pr	0.655	0.915588018052107	0.765865384615385	1
Abundance	CIN_vs_Ca	Boruta_RF	pr	0.66	0.915768449938728	0.767307692307692	1
Abundance	CIN_vs_Ca	Boruta_RF	pr	0.665	0.915948881825335	0.76875	1
Abundance	CIN_vs_Ca	Boruta_RF	pr	0.67	0.916248144110868	0.770054945054945	1
Abundance	CIN_vs_Ca	Boruta_RF	pr	0.675	0.916606821595904	0.771291208791209	1
Abundance	CIN_vs_Ca	Boruta_RF	pr	0.68	0.916965499080903	0.772527472527472	1
Abundance	CIN_vs_Ca	Boruta_RF	pr	0.685	0.917324176565933	0.773763736263736	1
Abundance	CIN_vs_Ca	Boruta_RF	pr	0.69	0.917682854050932	0.775	1
Abundance	CIN_vs_Ca	Boruta_RF	pr	0.695	0.91804153153593	0.776236263736264	1
Abundance	CIN_vs_Ca	Boruta_RF	pr	0.7	0.91840020902093	0.777472527472528	1
Abundance	CIN_vs_Ca	Boruta_RF	pr	0.705	0.918758886505943	0.778708791208791	1
Abundance	CIN_vs_Ca	Boruta_RF	pr	0.71	0.919117563990943	0.779945054945055	1
Abundance	CIN_vs_Ca	Boruta_RF	pr	0.715	0.919476241475978	0.781181318681319	1
Abundance	CIN_vs_Ca	Boruta_RF	pr	0.72	0.919834918960977	0.782417582417582	1
Abundance	CIN_vs_Ca	Boruta_RF	pr	0.725	0.920193596445984	0.783653846153846	1
Abundance	CIN_vs_Ca	Boruta_RF	pr	0.73	0.920552273930983	0.78489010989011	1
Abundance	CIN_vs_Ca	Boruta_RF	pr	0.735	0.920909475193933	0.786071428571429	1
Abundance	CIN_vs_Ca	Boruta_RF	pr	0.74	0.921263724012752	0.787142857142857	1
Abundance	CIN_vs_Ca	Boruta_RF	pr	0.745	0.921617972831572	0.788214285714286	1
Abundance	CIN_vs_Ca	Boruta_RF	pr	0.75	0.921972221650402	0.789285714285714	1
Abundance	CIN_vs_Ca	Boruta_RF	pr	0.755	0.922326470469218	0.790357142857143	1
Abundance	CIN_vs_Ca	Boruta_RF	pr	0.76	0.922680719288031	0.791428571428571	1
Abundance	CIN_vs_Ca	Boruta_RF	pr	0.765	0.923034968106852	0.7925	1
Abundance	CIN_vs_Ca	Boruta_RF	pr	0.77	0.923389216925686	0.793571428571429	1
Abundance	CIN_vs_Ca	Boruta_RF	pr	0.775	0.923743465744506	0.794642857142857	1
Abundance	CIN_vs_Ca	Boruta_RF	pr	0.78	0.92409771456332	0.795714285714286	1
Abundance	CIN_vs_Ca	Boruta_RF	pr	0.785	0.92445196338214	0.796785714285714	1
Abundance	CIN_vs_Ca	Boruta_RF	pr	0.79	0.924806212200959	0.797857142857143	1
Abundance	CIN_vs_Ca	Boruta_RF	pr	0.795	0.925160461019777	0.798928571428571	1
Abundance	CIN_vs_Ca	Boruta_RF	pr	0.8	0.925514709838591	0.8	1
Abundance	CIN_vs_Ca	Boruta_RF	pr	0.805	0.925540848715385	0.8009375	1
Abundance	CIN_vs_Ca	Boruta_RF	pr	0.81	0.925566987592168	0.801875	1
Abundance	CIN_vs_Ca	Boruta_RF	pr	0.815	0.925593126468964	0.8028125	1
Abundance	CIN_vs_Ca	Boruta_RF	pr	0.82	0.92561926534574	0.80375	1
Abundance	CIN_vs_Ca	Boruta_RF	pr	0.825	0.925645404222531	0.8046875	1
Abundance	CIN_vs_Ca	Boruta_RF	pr	0.83	0.925671543099324	0.805625	1
Abundance	CIN_vs_Ca	Boruta_RF	pr	0.835	0.925697681976116	0.8065625	1
Abundance	CIN_vs_Ca	Boruta_RF	pr	0.84	0.925723820852907	0.8075	1
Abundance	CIN_vs_Ca	Boruta_RF	pr	0.845	0.925749959729705	0.8084375	1
Abundance	CIN_vs_Ca	Boruta_RF	pr	0.85	0.925776098606485	0.809375	1
Abundance	CIN_vs_Ca	Boruta_RF	pr	0.855	0.925802237483277	0.8103125	1
Abundance	CIN_vs_Ca	Boruta_RF	pr	0.86	0.925828376360072	0.81125	1
Abundance	CIN_vs_Ca	Boruta_RF	pr	0.865	0.925854515236853	0.8121875	1
Abundance	CIN_vs_Ca	Boruta_RF	pr	0.87	0.925010993368762	0.813051470588235	1
Abundance	CIN_vs_Ca	Boruta_RF	pr	0.875	0.923732641128165	0.813878676470588	1
Abundance	CIN_vs_Ca	Boruta_RF	pr	0.88	0.922454288887596	0.814705882352941	1
Abundance	CIN_vs_Ca	Boruta_RF	pr	0.885	0.921175936647015	0.815533088235294	1
Abundance	CIN_vs_Ca	Boruta_RF	pr	0.89	0.919897584406466	0.816360294117647	1
Abundance	CIN_vs_Ca	Boruta_RF	pr	0.895	0.918619232165897	0.8171875	1
Abundance	CIN_vs_Ca	Boruta_RF	pr	0.9	0.917340879925327	0.818014705882353	1
Abundance	CIN_vs_Ca	Boruta_RF	pr	0.905	0.916062527684715	0.818841911764706	1
Abundance	CIN_vs_Ca	Boruta_RF	pr	0.91	0.914784175444153	0.814673983979211	1
Abundance	CIN_vs_Ca	Boruta_RF	pr	0.915	0.913505823203582	0.806250074160085	1
Abundance	CIN_vs_Ca	Boruta_RF	pr	0.92	0.912227470963014	0.797826164340958	1
Abundance	CIN_vs_Ca	Boruta_RF	pr	0.925	0.910949118722454	0.790043666666195	1
Abundance	CIN_vs_Ca	Boruta_RF	pr	0.93	0.909670766481881	0.781645413332842	1
Abundance	CIN_vs_Ca	Boruta_RF	pr	0.935	0.902854578565908	0.774354983516716	0.99262088338199
Abundance	CIN_vs_Ca	Boruta_RF	pr	0.94	0.884962719299166	0.764953343006297	0.970483533527961
Abundance	CIN_vs_Ca	Boruta_RF	pr	0.945	0.867070860032423	0.756558819542236	0.948346183673932
Abundance	CIN_vs_Ca	Boruta_RF	pr	0.95	0.849179000765679	0.749087838859288	0.926208833819903
Abundance	CIN_vs_Ca	Boruta_RF	pr	0.955	0.831287141498939	0.740955319079165	0.904071483965874
Abundance	CIN_vs_Ca	Boruta_RF	pr	0.96	0.813395282232199	0.732360361449907	0.881934134111846
Abundance	CIN_vs_Ca	Boruta_RF	pr	0.965	0.795503422965455	0.72347153555668	0.859796784257817
Abundance	CIN_vs_Ca	Boruta_RF	pr	0.97	0.777611563698714	0.711312453563887	0.837659434403788
Abundance	CIN_vs_Ca	Boruta_RF	pr	0.975	0.759719704431974	0.698404270758512	0.815522084549759
Abundance	CIN_vs_Ca	Boruta_RF	pr	0.98	0.74182784516523	0.684729159076457	0.793467593699197
Abundance	CIN_vs_Ca	Boruta_RF	pr	0.985	0.723935985898489	0.671303284697417	0.771339121595539
Abundance	CIN_vs_Ca	Boruta_RF	pr	0.99	0.706044126631745	0.656361213960901	0.750392050181501
Abundance	CIN_vs_Ca	Boruta_RF	pr	0.995	0.688152267365004	0.640375748052468	0.731065627945656
Abundance	CIN_vs_Ca	Boruta_RF	pr	1	0.670260408098262	0.624291092862638	0.712927195968834
Coverage	CIN_vs_Ca	Boruta_RF	roc	0	0.939833333333329	0.8	1
Coverage	CIN_vs_Ca	Boruta_RF	roc	0.005	0.941712708333331	0.8	1
Coverage	CIN_vs_Ca	Boruta_RF	roc	0.01	0.943592083333338	0.8	1
Coverage	CIN_vs_Ca	Boruta_RF	roc	0.015	0.945471458333331	0.8	1
Coverage	CIN_vs_Ca	Boruta_RF	roc	0.02	0.94735083333334	0.8	1
Coverage	CIN_vs_Ca	Boruta_RF	roc	0.025	0.949230208333332	0.8	1
Coverage	CIN_vs_Ca	Boruta_RF	roc	0.03	0.951109583333336	0.8	1
Coverage	CIN_vs_Ca	Boruta_RF	roc	0.035	0.952988958333327	0.8	1
Coverage	CIN_vs_Ca	Boruta_RF	roc	0.04	0.954868333333339	0.8	1
Coverage	CIN_vs_Ca	Boruta_RF	roc	0.045	0.95674770833333	0.8	1
Coverage	CIN_vs_Ca	Boruta_RF	roc	0.05	0.958627083333334	0.8	1
Coverage	CIN_vs_Ca	Boruta_RF	roc	0.055	0.960506458333325	0.8	1
Coverage	CIN_vs_Ca	Boruta_RF	roc	0.06	0.962385833333335	0.8	1
Coverage	CIN_vs_Ca	Boruta_RF	roc	0.065	0.964265208333325	0.8	1
Coverage	CIN_vs_Ca	Boruta_RF	roc	0.07	0.965812361111106	0.805	1
Coverage	CIN_vs_Ca	Boruta_RF	roc	0.075	0.967193402777777	0.8125	1
Coverage	CIN_vs_Ca	Boruta_RF	roc	0.08	0.968574444444451	0.82	1
Coverage	CIN_vs_Ca	Boruta_RF	roc	0.085	0.969955486111113	0.8275	1
Coverage	CIN_vs_Ca	Boruta_RF	roc	0.09	0.971336527777779	0.835	1
Coverage	CIN_vs_Ca	Boruta_RF	roc	0.095	0.97271756944444	0.8425	1
Coverage	CIN_vs_Ca	Boruta_RF	roc	0.1	0.974098611111115	0.85	1
Coverage	CIN_vs_Ca	Boruta_RF	roc	0.105	0.975479652777777	0.8575	1
Coverage	CIN_vs_Ca	Boruta_RF	roc	0.11	0.976860694444444	0.865	1
Coverage	CIN_vs_Ca	Boruta_RF	roc	0.115	0.978241736111105	0.866666666666667	1
Coverage	CIN_vs_Ca	Boruta_RF	roc	0.12	0.979622777777782	0.866666666666667	1
Coverage	CIN_vs_Ca	Boruta_RF	roc	0.125	0.981003819444441	0.866666666666667	1
Coverage	CIN_vs_Ca	Boruta_RF	roc	0.13	0.982384861111108	0.866666666666667	1
Coverage	CIN_vs_Ca	Boruta_RF	roc	0.135	0.983593263888885	0.868333333333333	1
Coverage	CIN_vs_Ca	Boruta_RF	roc	0.14	0.984456388888891	0.873333333333333	1
Coverage	CIN_vs_Ca	Boruta_RF	roc	0.145	0.98531951388889	0.878333333333333	1
Coverage	CIN_vs_Ca	Boruta_RF	roc	0.15	0.986182638888889	0.883333333333333	1
Coverage	CIN_vs_Ca	Boruta_RF	roc	0.155	0.987045763888886	0.888333333333333	1
Coverage	CIN_vs_Ca	Boruta_RF	roc	0.16	0.987908888888893	0.893333333333333	1
Coverage	CIN_vs_Ca	Boruta_RF	roc	0.165	0.988772013888888	0.898333333333333	1
Coverage	CIN_vs_Ca	Boruta_RF	roc	0.17	0.98963513888889	0.903333333333333	1
Coverage	CIN_vs_Ca	Boruta_RF	roc	0.175	0.990498263888886	0.908333333333333	1
Coverage	CIN_vs_Ca	Boruta_RF	roc	0.18	0.991361388888891	0.913333333333333	1
Coverage	CIN_vs_Ca	Boruta_RF	roc	0.185	0.992224513888887	0.918333333333333	1
Coverage	CIN_vs_Ca	Boruta_RF	roc	0.19	0.993087638888887	0.923333333333333	1
Coverage	CIN_vs_Ca	Boruta_RF	roc	0.195	0.993950763888883	0.928333333333333	1
Coverage	CIN_vs_Ca	Boruta_RF	roc	0.2	0.994813888888889	0.933333333333333	1
Coverage	CIN_vs_Ca	Boruta_RF	roc	0.205	0.995127013888889	0.935833333333333	1
Coverage	CIN_vs_Ca	Boruta_RF	roc	0.21	0.995440138888889	0.938333333333333	1
Coverage	CIN_vs_Ca	Boruta_RF	roc	0.215	0.995753263888889	0.940833333333333	1
Coverage	CIN_vs_Ca	Boruta_RF	roc	0.22	0.996066388888889	0.943333333333333	1
Coverage	CIN_vs_Ca	Boruta_RF	roc	0.225	0.996379513888888	0.945833333333333	1
Coverage	CIN_vs_Ca	Boruta_RF	roc	0.23	0.996692638888889	0.948333333333333	1
Coverage	CIN_vs_Ca	Boruta_RF	roc	0.235	0.997005763888888	0.9525	1
Coverage	CIN_vs_Ca	Boruta_RF	roc	0.24	0.99731888888889	0.96	1
Coverage	CIN_vs_Ca	Boruta_RF	roc	0.245	0.997632013888889	0.9675	1
Coverage	CIN_vs_Ca	Boruta_RF	roc	0.25	0.997945138888889	0.972222222222222	1
Coverage	CIN_vs_Ca	Boruta_RF	roc	0.255	0.998258263888888	0.976666666666667	1
Coverage	CIN_vs_Ca	Boruta_RF	roc	0.26	0.998571388888888	0.986666666666667	1
Coverage	CIN_vs_Ca	Boruta_RF	roc	0.265	0.998884513888887	0.996666666666667	1
Coverage	CIN_vs_Ca	Boruta_RF	roc	0.27	0.999030277777778	1	1
Coverage	CIN_vs_Ca	Boruta_RF	roc	0.275	0.999092361111111	1	1
Coverage	CIN_vs_Ca	Boruta_RF	roc	0.28	0.999154444444445	1	1
Coverage	CIN_vs_Ca	Boruta_RF	roc	0.285	0.999216527777778	1	1
Coverage	CIN_vs_Ca	Boruta_RF	roc	0.29	0.999278611111111	1	1
Coverage	CIN_vs_Ca	Boruta_RF	roc	0.295	0.999340694444444	1	1
Coverage	CIN_vs_Ca	Boruta_RF	roc	0.3	0.999402777777778	1	1
Coverage	CIN_vs_Ca	Boruta_RF	roc	0.305	0.999464861111111	1	1
Coverage	CIN_vs_Ca	Boruta_RF	roc	0.31	0.999526944444444	1	1
Coverage	CIN_vs_Ca	Boruta_RF	roc	0.315	0.999589027777777	1	1
Coverage	CIN_vs_Ca	Boruta_RF	roc	0.32	0.999651111111111	1	1
Coverage	CIN_vs_Ca	Boruta_RF	roc	0.325	0.999713194444444	1	1
Coverage	CIN_vs_Ca	Boruta_RF	roc	0.33	0.999775277777777	1	1
Coverage	CIN_vs_Ca	Boruta_RF	roc	0.335	0.999820416666667	1	1
Coverage	CIN_vs_Ca	Boruta_RF	roc	0.34	0.999831666666667	1	1
Coverage	CIN_vs_Ca	Boruta_RF	roc	0.345	0.999842916666667	1	1
Coverage	CIN_vs_Ca	Boruta_RF	roc	0.35	0.999854166666667	1	1
Coverage	CIN_vs_Ca	Boruta_RF	roc	0.355	0.999865416666667	1	1
Coverage	CIN_vs_Ca	Boruta_RF	roc	0.36	0.999876666666667	1	1
Coverage	CIN_vs_Ca	Boruta_RF	roc	0.365	0.999887916666667	1	1
Coverage	CIN_vs_Ca	Boruta_RF	roc	0.37	0.999899166666667	1	1
Coverage	CIN_vs_Ca	Boruta_RF	roc	0.375	0.999910416666667	1	1
Coverage	CIN_vs_Ca	Boruta_RF	roc	0.38	0.999921666666667	1	1
Coverage	CIN_vs_Ca	Boruta_RF	roc	0.385	0.999932916666667	1	1
Coverage	CIN_vs_Ca	Boruta_RF	roc	0.39	0.999944166666667	1	1
Coverage	CIN_vs_Ca	Boruta_RF	roc	0.395	0.999955416666667	1	1
Coverage	CIN_vs_Ca	Boruta_RF	roc	0.4	0.999966666666667	1	1
Coverage	CIN_vs_Ca	Boruta_RF	roc	0.405	0.999969166666667	1	1
Coverage	CIN_vs_Ca	Boruta_RF	roc	0.41	0.999971666666667	1	1
Coverage	CIN_vs_Ca	Boruta_RF	roc	0.415	0.999974166666667	1	1
Coverage	CIN_vs_Ca	Boruta_RF	roc	0.42	0.999976666666667	1	1
Coverage	CIN_vs_Ca	Boruta_RF	roc	0.425	0.999979166666667	1	1
Coverage	CIN_vs_Ca	Boruta_RF	roc	0.43	0.999981666666667	1	1
Coverage	CIN_vs_Ca	Boruta_RF	roc	0.435	0.999984166666667	1	1
Coverage	CIN_vs_Ca	Boruta_RF	roc	0.44	0.999986666666667	1	1
Coverage	CIN_vs_Ca	Boruta_RF	roc	0.445	0.999989166666667	1	1
Coverage	CIN_vs_Ca	Boruta_RF	roc	0.45	0.999991666666667	1	1
Coverage	CIN_vs_Ca	Boruta_RF	roc	0.455	0.999994166666667	1	1
Coverage	CIN_vs_Ca	Boruta_RF	roc	0.46	0.999996666666667	1	1
Coverage	CIN_vs_Ca	Boruta_RF	roc	0.465	0.999999166666667	1	1
Coverage	CIN_vs_Ca	Boruta_RF	roc	0.47	1	1	1
Coverage	CIN_vs_Ca	Boruta_RF	roc	0.475	1	1	1
Coverage	CIN_vs_Ca	Boruta_RF	roc	0.48	1	1	1
Coverage	CIN_vs_Ca	Boruta_RF	roc	0.485	1	1	1
Coverage	CIN_vs_Ca	Boruta_RF	roc	0.49	1	1	1
Coverage	CIN_vs_Ca	Boruta_RF	roc	0.495	1	1	1
Coverage	CIN_vs_Ca	Boruta_RF	roc	0.5	1	1	1
Coverage	CIN_vs_Ca	Boruta_RF	roc	0.505	1	1	1
Coverage	CIN_vs_Ca	Boruta_RF	roc	0.51	1	1	1
Coverage	CIN_vs_Ca	Boruta_RF	roc	0.515	1	1	1
Coverage	CIN_vs_Ca	Boruta_RF	roc	0.52	1	1	1
Coverage	CIN_vs_Ca	Boruta_RF	roc	0.525	1	1	1
Coverage	CIN_vs_Ca	Boruta_RF	roc	0.53	1	1	1
Coverage	CIN_vs_Ca	Boruta_RF	roc	0.535	1	1	1
Coverage	CIN_vs_Ca	Boruta_RF	roc	0.54	1	1	1
Coverage	CIN_vs_Ca	Boruta_RF	roc	0.545	1	1	1
Coverage	CIN_vs_Ca	Boruta_RF	roc	0.55	1	1	1
Coverage	CIN_vs_Ca	Boruta_RF	roc	0.555	1	1	1
Coverage	CIN_vs_Ca	Boruta_RF	roc	0.56	1	1	1
Coverage	CIN_vs_Ca	Boruta_RF	roc	0.565	1	1	1
Coverage	CIN_vs_Ca	Boruta_RF	roc	0.57	1	1	1
Coverage	CIN_vs_Ca	Boruta_RF	roc	0.575	1	1	1
Coverage	CIN_vs_Ca	Boruta_RF	roc	0.58	1	1	1
Coverage	CIN_vs_Ca	Boruta_RF	roc	0.585	1	1	1
Coverage	CIN_vs_Ca	Boruta_RF	roc	0.59	1	1	1
Coverage	CIN_vs_Ca	Boruta_RF	roc	0.595	1	1	1
Coverage	CIN_vs_Ca	Boruta_RF	roc	0.6	1	1	1
Coverage	CIN_vs_Ca	Boruta_RF	roc	0.605	1	1	1
Coverage	CIN_vs_Ca	Boruta_RF	roc	0.61	1	1	1
Coverage	CIN_vs_Ca	Boruta_RF	roc	0.615	1	1	1
Coverage	CIN_vs_Ca	Boruta_RF	roc	0.62	1	1	1
Coverage	CIN_vs_Ca	Boruta_RF	roc	0.625	1	1	1
Coverage	CIN_vs_Ca	Boruta_RF	roc	0.63	1	1	1
Coverage	CIN_vs_Ca	Boruta_RF	roc	0.635	1	1	1
Coverage	CIN_vs_Ca	Boruta_RF	roc	0.64	1	1	1
Coverage	CIN_vs_Ca	Boruta_RF	roc	0.645	1	1	1
Coverage	CIN_vs_Ca	Boruta_RF	roc	0.65	1	1	1
Coverage	CIN_vs_Ca	Boruta_RF	roc	0.655	1	1	1
Coverage	CIN_vs_Ca	Boruta_RF	roc	0.66	1	1	1
Coverage	CIN_vs_Ca	Boruta_RF	roc	0.665	1	1	1
Coverage	CIN_vs_Ca	Boruta_RF	roc	0.67	1	1	1
Coverage	CIN_vs_Ca	Boruta_RF	roc	0.675	1	1	1
Coverage	CIN_vs_Ca	Boruta_RF	roc	0.68	1	1	1
Coverage	CIN_vs_Ca	Boruta_RF	roc	0.685	1	1	1
Coverage	CIN_vs_Ca	Boruta_RF	roc	0.69	1	1	1
Coverage	CIN_vs_Ca	Boruta_RF	roc	0.695	1	1	1
Coverage	CIN_vs_Ca	Boruta_RF	roc	0.7	1	1	1
Coverage	CIN_vs_Ca	Boruta_RF	roc	0.705	1	1	1
Coverage	CIN_vs_Ca	Boruta_RF	roc	0.71	1	1	1
Coverage	CIN_vs_Ca	Boruta_RF	roc	0.715	1	1	1
Coverage	CIN_vs_Ca	Boruta_RF	roc	0.72	1	1	1
Coverage	CIN_vs_Ca	Boruta_RF	roc	0.725	1	1	1
Coverage	CIN_vs_Ca	Boruta_RF	roc	0.73	1	1	1
Coverage	CIN_vs_Ca	Boruta_RF	roc	0.735	1	1	1
Coverage	CIN_vs_Ca	Boruta_RF	roc	0.74	1	1	1
Coverage	CIN_vs_Ca	Boruta_RF	roc	0.745	1	1	1
Coverage	CIN_vs_Ca	Boruta_RF	roc	0.75	1	1	1
Coverage	CIN_vs_Ca	Boruta_RF	roc	0.755	1	1	1
Coverage	CIN_vs_Ca	Boruta_RF	roc	0.76	1	1	1
Coverage	CIN_vs_Ca	Boruta_RF	roc	0.765	1	1	1
Coverage	CIN_vs_Ca	Boruta_RF	roc	0.77	1	1	1
Coverage	CIN_vs_Ca	Boruta_RF	roc	0.775	1	1	1
Coverage	CIN_vs_Ca	Boruta_RF	roc	0.78	1	1	1
Coverage	CIN_vs_Ca	Boruta_RF	roc	0.785	1	1	1
Coverage	CIN_vs_Ca	Boruta_RF	roc	0.79	1	1	1
Coverage	CIN_vs_Ca	Boruta_RF	roc	0.795	1	1	1
Coverage	CIN_vs_Ca	Boruta_RF	roc	0.8	1	1	1
Coverage	CIN_vs_Ca	Boruta_RF	roc	0.805	1	1	1
Coverage	CIN_vs_Ca	Boruta_RF	roc	0.81	1	1	1
Coverage	CIN_vs_Ca	Boruta_RF	roc	0.815	1	1	1
Coverage	CIN_vs_Ca	Boruta_RF	roc	0.82	1	1	1
Coverage	CIN_vs_Ca	Boruta_RF	roc	0.825	1	1	1
Coverage	CIN_vs_Ca	Boruta_RF	roc	0.83	1	1	1
Coverage	CIN_vs_Ca	Boruta_RF	roc	0.835	1	1	1
Coverage	CIN_vs_Ca	Boruta_RF	roc	0.84	1	1	1
Coverage	CIN_vs_Ca	Boruta_RF	roc	0.845	1	1	1
Coverage	CIN_vs_Ca	Boruta_RF	roc	0.85	1	1	1
Coverage	CIN_vs_Ca	Boruta_RF	roc	0.855	1	1	1
Coverage	CIN_vs_Ca	Boruta_RF	roc	0.86	1	1	1
Coverage	CIN_vs_Ca	Boruta_RF	roc	0.865	1	1	1
Coverage	CIN_vs_Ca	Boruta_RF	roc	0.87	1	1	1
Coverage	CIN_vs_Ca	Boruta_RF	roc	0.875	1	1	1
Coverage	CIN_vs_Ca	Boruta_RF	roc	0.88	1	1	1
Coverage	CIN_vs_Ca	Boruta_RF	roc	0.885	1	1	1
Coverage	CIN_vs_Ca	Boruta_RF	roc	0.89	1	1	1
Coverage	CIN_vs_Ca	Boruta_RF	roc	0.895	1	1	1
Coverage	CIN_vs_Ca	Boruta_RF	roc	0.9	1	1	1
Coverage	CIN_vs_Ca	Boruta_RF	roc	0.905	1	1	1
Coverage	CIN_vs_Ca	Boruta_RF	roc	0.91	1	1	1
Coverage	CIN_vs_Ca	Boruta_RF	roc	0.915	1	1	1
Coverage	CIN_vs_Ca	Boruta_RF	roc	0.92	1	1	1
Coverage	CIN_vs_Ca	Boruta_RF	roc	0.925	1	1	1
Coverage	CIN_vs_Ca	Boruta_RF	roc	0.93	1	1	1
Coverage	CIN_vs_Ca	Boruta_RF	roc	0.935	1	1	1
Coverage	CIN_vs_Ca	Boruta_RF	roc	0.94	1	1	1
Coverage	CIN_vs_Ca	Boruta_RF	roc	0.945	1	1	1
Coverage	CIN_vs_Ca	Boruta_RF	roc	0.95	1	1	1
Coverage	CIN_vs_Ca	Boruta_RF	roc	0.955	1	1	1
Coverage	CIN_vs_Ca	Boruta_RF	roc	0.96	1	1	1
Coverage	CIN_vs_Ca	Boruta_RF	roc	0.965	1	1	1
Coverage	CIN_vs_Ca	Boruta_RF	roc	0.97	1	1	1
Coverage	CIN_vs_Ca	Boruta_RF	roc	0.975	1	1	1
Coverage	CIN_vs_Ca	Boruta_RF	roc	0.98	1	1	1
Coverage	CIN_vs_Ca	Boruta_RF	roc	0.985	1	1	1
Coverage	CIN_vs_Ca	Boruta_RF	roc	0.99	1	1	1
Coverage	CIN_vs_Ca	Boruta_RF	roc	0.995	1	1	1
Coverage	CIN_vs_Ca	Boruta_RF	roc	1	1	1	1
Coverage	CIN_vs_Ca	Boruta_RF	pr	0	1	1	1
Coverage	CIN_vs_Ca	Boruta_RF	pr	0.005	1	1	1
Coverage	CIN_vs_Ca	Boruta_RF	pr	0.01	1	1	1
Coverage	CIN_vs_Ca	Boruta_RF	pr	0.015	1	1	1
Coverage	CIN_vs_Ca	Boruta_RF	pr	0.02	1	1	1
Coverage	CIN_vs_Ca	Boruta_RF	pr	0.025	1	1	1
Coverage	CIN_vs_Ca	Boruta_RF	pr	0.03	1	1	1
Coverage	CIN_vs_Ca	Boruta_RF	pr	0.035	1	1	1
Coverage	CIN_vs_Ca	Boruta_RF	pr	0.04	1	1	1
Coverage	CIN_vs_Ca	Boruta_RF	pr	0.045	1	1	1
Coverage	CIN_vs_Ca	Boruta_RF	pr	0.05	1	1	1
Coverage	CIN_vs_Ca	Boruta_RF	pr	0.055	1	1	1
Coverage	CIN_vs_Ca	Boruta_RF	pr	0.06	1	1	1
Coverage	CIN_vs_Ca	Boruta_RF	pr	0.065	1	1	1
Coverage	CIN_vs_Ca	Boruta_RF	pr	0.07	1	1	1
Coverage	CIN_vs_Ca	Boruta_RF	pr	0.075	1	1	1
Coverage	CIN_vs_Ca	Boruta_RF	pr	0.08	1	1	1
Coverage	CIN_vs_Ca	Boruta_RF	pr	0.085	1	1	1
Coverage	CIN_vs_Ca	Boruta_RF	pr	0.09	1	1	1
Coverage	CIN_vs_Ca	Boruta_RF	pr	0.095	1	1	1
Coverage	CIN_vs_Ca	Boruta_RF	pr	0.1	1	1	1
Coverage	CIN_vs_Ca	Boruta_RF	pr	0.105	1	1	1
Coverage	CIN_vs_Ca	Boruta_RF	pr	0.11	1	1	1
Coverage	CIN_vs_Ca	Boruta_RF	pr	0.115	1	1	1
Coverage	CIN_vs_Ca	Boruta_RF	pr	0.12	1	1	1
Coverage	CIN_vs_Ca	Boruta_RF	pr	0.125	1	1	1
Coverage	CIN_vs_Ca	Boruta_RF	pr	0.13	1	1	1
Coverage	CIN_vs_Ca	Boruta_RF	pr	0.135	1	1	1
Coverage	CIN_vs_Ca	Boruta_RF	pr	0.14	1	1	1
Coverage	CIN_vs_Ca	Boruta_RF	pr	0.145	1	1	1
Coverage	CIN_vs_Ca	Boruta_RF	pr	0.15	1	1	1
Coverage	CIN_vs_Ca	Boruta_RF	pr	0.155	1	1	1
Coverage	CIN_vs_Ca	Boruta_RF	pr	0.16	1	1	1
Coverage	CIN_vs_Ca	Boruta_RF	pr	0.165	1	1	1
Coverage	CIN_vs_Ca	Boruta_RF	pr	0.17	1	1	1
Coverage	CIN_vs_Ca	Boruta_RF	pr	0.175	1	1	1
Coverage	CIN_vs_Ca	Boruta_RF	pr	0.18	1	1	1
Coverage	CIN_vs_Ca	Boruta_RF	pr	0.185	1	1	1
Coverage	CIN_vs_Ca	Boruta_RF	pr	0.19	1	1	1
Coverage	CIN_vs_Ca	Boruta_RF	pr	0.195	1	1	1
Coverage	CIN_vs_Ca	Boruta_RF	pr	0.2	1	1	1
Coverage	CIN_vs_Ca	Boruta_RF	pr	0.205	1	1	1
Coverage	CIN_vs_Ca	Boruta_RF	pr	0.21	1	1	1
Coverage	CIN_vs_Ca	Boruta_RF	pr	0.215	1	1	1
Coverage	CIN_vs_Ca	Boruta_RF	pr	0.22	1	1	1
Coverage	CIN_vs_Ca	Boruta_RF	pr	0.225	1	1	1
Coverage	CIN_vs_Ca	Boruta_RF	pr	0.23	1	1	1
Coverage	CIN_vs_Ca	Boruta_RF	pr	0.235	1	1	1
Coverage	CIN_vs_Ca	Boruta_RF	pr	0.24	1	1	1
Coverage	CIN_vs_Ca	Boruta_RF	pr	0.245	1	1	1
Coverage	CIN_vs_Ca	Boruta_RF	pr	0.25	1	1	1
Coverage	CIN_vs_Ca	Boruta_RF	pr	0.255	1	1	1
Coverage	CIN_vs_Ca	Boruta_RF	pr	0.26	1	1	1
Coverage	CIN_vs_Ca	Boruta_RF	pr	0.265	1	1	1
Coverage	CIN_vs_Ca	Boruta_RF	pr	0.27	1	1	1
Coverage	CIN_vs_Ca	Boruta_RF	pr	0.275	1	1	1
Coverage	CIN_vs_Ca	Boruta_RF	pr	0.28	1	1	1
Coverage	CIN_vs_Ca	Boruta_RF	pr	0.285	1	1	1
Coverage	CIN_vs_Ca	Boruta_RF	pr	0.29	1	1	1
Coverage	CIN_vs_Ca	Boruta_RF	pr	0.295	1	1	1
Coverage	CIN_vs_Ca	Boruta_RF	pr	0.3	1	1	1
Coverage	CIN_vs_Ca	Boruta_RF	pr	0.305	1	1	1
Coverage	CIN_vs_Ca	Boruta_RF	pr	0.31	1	1	1
Coverage	CIN_vs_Ca	Boruta_RF	pr	0.315	1	1	1
Coverage	CIN_vs_Ca	Boruta_RF	pr	0.32	1	1	1
Coverage	CIN_vs_Ca	Boruta_RF	pr	0.325	1	1	1
Coverage	CIN_vs_Ca	Boruta_RF	pr	0.33	1	1	1
Coverage	CIN_vs_Ca	Boruta_RF	pr	0.335	1	1	1
Coverage	CIN_vs_Ca	Boruta_RF	pr	0.34	1	1	1
Coverage	CIN_vs_Ca	Boruta_RF	pr	0.345	1	1	1
Coverage	CIN_vs_Ca	Boruta_RF	pr	0.35	1	1	1
Coverage	CIN_vs_Ca	Boruta_RF	pr	0.355	1	1	1
Coverage	CIN_vs_Ca	Boruta_RF	pr	0.36	1	1	1
Coverage	CIN_vs_Ca	Boruta_RF	pr	0.365	1	1	1
Coverage	CIN_vs_Ca	Boruta_RF	pr	0.37	1	1	1
Coverage	CIN_vs_Ca	Boruta_RF	pr	0.375	1	1	1
Coverage	CIN_vs_Ca	Boruta_RF	pr	0.38	1	1	1
Coverage	CIN_vs_Ca	Boruta_RF	pr	0.385	1	1	1
Coverage	CIN_vs_Ca	Boruta_RF	pr	0.39	1	1	1
Coverage	CIN_vs_Ca	Boruta_RF	pr	0.395	1	1	1
Coverage	CIN_vs_Ca	Boruta_RF	pr	0.4	1	1	1
Coverage	CIN_vs_Ca	Boruta_RF	pr	0.405	1	1	1
Coverage	CIN_vs_Ca	Boruta_RF	pr	0.41	1	1	1
Coverage	CIN_vs_Ca	Boruta_RF	pr	0.415	1	1	1
Coverage	CIN_vs_Ca	Boruta_RF	pr	0.42	1	1	1
Coverage	CIN_vs_Ca	Boruta_RF	pr	0.425	1	1	1
Coverage	CIN_vs_Ca	Boruta_RF	pr	0.43	1	1	1
Coverage	CIN_vs_Ca	Boruta_RF	pr	0.435	1	1	1
Coverage	CIN_vs_Ca	Boruta_RF	pr	0.44	1	1	1
Coverage	CIN_vs_Ca	Boruta_RF	pr	0.445	1	1	1
Coverage	CIN_vs_Ca	Boruta_RF	pr	0.45	1	1	1
Coverage	CIN_vs_Ca	Boruta_RF	pr	0.455	1	1	1
Coverage	CIN_vs_Ca	Boruta_RF	pr	0.46	1	1	1
Coverage	CIN_vs_Ca	Boruta_RF	pr	0.465	1	1	1
Coverage	CIN_vs_Ca	Boruta_RF	pr	0.47	1	1	1
Coverage	CIN_vs_Ca	Boruta_RF	pr	0.475	1	1	1
Coverage	CIN_vs_Ca	Boruta_RF	pr	0.48	1	1	1
Coverage	CIN_vs_Ca	Boruta_RF	pr	0.485	1	1	1
Coverage	CIN_vs_Ca	Boruta_RF	pr	0.49	1	1	1
Coverage	CIN_vs_Ca	Boruta_RF	pr	0.495	1	1	1
Coverage	CIN_vs_Ca	Boruta_RF	pr	0.5	1	1	1
Coverage	CIN_vs_Ca	Boruta_RF	pr	0.505	1	1	1
Coverage	CIN_vs_Ca	Boruta_RF	pr	0.51	1	1	1
Coverage	CIN_vs_Ca	Boruta_RF	pr	0.515	1	1	1
Coverage	CIN_vs_Ca	Boruta_RF	pr	0.52	1	1	1
Coverage	CIN_vs_Ca	Boruta_RF	pr	0.525	1	1	1
Coverage	CIN_vs_Ca	Boruta_RF	pr	0.53	1	1	1
Coverage	CIN_vs_Ca	Boruta_RF	pr	0.535	0.999999770299145	1	1
Coverage	CIN_vs_Ca	Boruta_RF	pr	0.54	0.999999081196581	1	1
Coverage	CIN_vs_Ca	Boruta_RF	pr	0.545	0.999998392094017	1	1
Coverage	CIN_vs_Ca	Boruta_RF	pr	0.55	0.999997702991453	1	1
Coverage	CIN_vs_Ca	Boruta_RF	pr	0.555	0.999997013888889	1	1
Coverage	CIN_vs_Ca	Boruta_RF	pr	0.56	0.999996324786325	1	1
Coverage	CIN_vs_Ca	Boruta_RF	pr	0.565	0.999995635683761	1	1
Coverage	CIN_vs_Ca	Boruta_RF	pr	0.57	0.999994946581197	1	1
Coverage	CIN_vs_Ca	Boruta_RF	pr	0.575	0.999994257478632	1	1
Coverage	CIN_vs_Ca	Boruta_RF	pr	0.58	0.999993568376068	1	1
Coverage	CIN_vs_Ca	Boruta_RF	pr	0.585	0.999992879273504	1	1
Coverage	CIN_vs_Ca	Boruta_RF	pr	0.59	0.99999219017094	1	1
Coverage	CIN_vs_Ca	Boruta_RF	pr	0.595	0.999991501068376	1	1
Coverage	CIN_vs_Ca	Boruta_RF	pr	0.6	0.999990811965812	1	1
Coverage	CIN_vs_Ca	Boruta_RF	pr	0.605	0.99995137153645	1	1
Coverage	CIN_vs_Ca	Boruta_RF	pr	0.61	0.999911931107088	1	1
Coverage	CIN_vs_Ca	Boruta_RF	pr	0.615	0.999872490677726	1	1
Coverage	CIN_vs_Ca	Boruta_RF	pr	0.62	0.999833050248363	1	1
Coverage	CIN_vs_Ca	Boruta_RF	pr	0.625	0.999793609819	1	1
Coverage	CIN_vs_Ca	Boruta_RF	pr	0.63	0.999754169389638	1	1
Coverage	CIN_vs_Ca	Boruta_RF	pr	0.635	0.999714728960276	1	1
Coverage	CIN_vs_Ca	Boruta_RF	pr	0.64	0.999675288530914	1	1
Coverage	CIN_vs_Ca	Boruta_RF	pr	0.645	0.999635848101551	1	1
Coverage	CIN_vs_Ca	Boruta_RF	pr	0.65	0.999596407672189	1	1
Coverage	CIN_vs_Ca	Boruta_RF	pr	0.655	0.999556967242827	1	1
Coverage	CIN_vs_Ca	Boruta_RF	pr	0.66	0.999517526813464	1	1
Coverage	CIN_vs_Ca	Boruta_RF	pr	0.665	0.999478086384102	1	1
Coverage	CIN_vs_Ca	Boruta_RF	pr	0.67	0.999314288672743	0.996665178571428	1
Coverage	CIN_vs_Ca	Boruta_RF	pr	0.675	0.999088312320384	0.991662946428571	1
Coverage	CIN_vs_Ca	Boruta_RF	pr	0.68	0.998862335968025	0.986666666666667	1
Coverage	CIN_vs_Ca	Boruta_RF	pr	0.685	0.998636359615667	0.983013629334886	1
Coverage	CIN_vs_Ca	Boruta_RF	pr	0.69	0.998410383263309	0.978387393046265	1
Coverage	CIN_vs_Ca	Boruta_RF	pr	0.695	0.99818440691095	0.974641917809696	1
Coverage	CIN_vs_Ca	Boruta_RF	pr	0.7	0.99795843055859	0.970166962129055	1
Coverage	CIN_vs_Ca	Boruta_RF	pr	0.705	0.997732454206233	0.965721153846154	1
Coverage	CIN_vs_Ca	Boruta_RF	pr	0.71	0.997506477853875	0.96125	1
Coverage	CIN_vs_Ca	Boruta_RF	pr	0.715	0.997280501501516	0.956778846153846	1
Coverage	CIN_vs_Ca	Boruta_RF	pr	0.72	0.997054525149158	0.952307692307692	1
Coverage	CIN_vs_Ca	Boruta_RF	pr	0.725	0.996828548796799	0.947836538461539	1
Coverage	CIN_vs_Ca	Boruta_RF	pr	0.73	0.996602572444441	0.944205415446707	1
Coverage	CIN_vs_Ca	Boruta_RF	pr	0.735	0.996218334254473	0.939800579824079	1
Coverage	CIN_vs_Ca	Boruta_RF	pr	0.74	0.99551757238929	0.936538461538461	1
Coverage	CIN_vs_Ca	Boruta_RF	pr	0.745	0.994816810524105	0.934271978021978	1
Coverage	CIN_vs_Ca	Boruta_RF	pr	0.75	0.994116048658923	0.932005494505495	1
Coverage	CIN_vs_Ca	Boruta_RF	pr	0.755	0.993415286793739	0.929703346839769	1
Coverage	CIN_vs_Ca	Boruta_RF	pr	0.76	0.992714524928554	0.926733817452601	1
Coverage	CIN_vs_Ca	Boruta_RF	pr	0.765	0.992013763063368	0.921007965686275	1
Coverage	CIN_vs_Ca	Boruta_RF	pr	0.77	0.991313001198184	0.916034705166752	1
Coverage	CIN_vs_Ca	Boruta_RF	pr	0.775	0.990612239333	0.909801975336962	1
Coverage	CIN_vs_Ca	Boruta_RF	pr	0.78	0.989911477467817	0.900166674605039	1
Coverage	CIN_vs_Ca	Boruta_RF	pr	0.785	0.989210715602631	0.894805460164835	1
Coverage	CIN_vs_Ca	Boruta_RF	pr	0.79	0.988509953737449	0.886649009877502	1
Coverage	CIN_vs_Ca	Boruta_RF	pr	0.795	0.987809191872267	0.876666666666667	1
Coverage	CIN_vs_Ca	Boruta_RF	pr	0.8	0.987108430007079	0.866666666666667	1
Coverage	CIN_vs_Ca	Boruta_RF	pr	0.805	0.985255999880179	0.862604166666667	1
Coverage	CIN_vs_Ca	Boruta_RF	pr	0.81	0.983403569753279	0.858571428571429	1
Coverage	CIN_vs_Ca	Boruta_RF	pr	0.815	0.981551139626374	0.859285714285714	1
Coverage	CIN_vs_Ca	Boruta_RF	pr	0.82	0.979698709499477	0.86	1
Coverage	CIN_vs_Ca	Boruta_RF	pr	0.825	0.97784627937258	0.855168269230769	1
Coverage	CIN_vs_Ca	Boruta_RF	pr	0.83	0.975993849245678	0.850048076923077	1
Coverage	CIN_vs_Ca	Boruta_RF	pr	0.835	0.974141419118775	0.844927884615385	1
Coverage	CIN_vs_Ca	Boruta_RF	pr	0.84	0.972288988991876	0.839807692307692	1
Coverage	CIN_vs_Ca	Boruta_RF	pr	0.845	0.970436558864976	0.8346875	1
Coverage	CIN_vs_Ca	Boruta_RF	pr	0.85	0.968584128738074	0.829567307692308	1
Coverage	CIN_vs_Ca	Boruta_RF	pr	0.855	0.966731698611172	0.824447115384615	1
Coverage	CIN_vs_Ca	Boruta_RF	pr	0.86	0.964879268484273	0.819326923076923	1
Coverage	CIN_vs_Ca	Boruta_RF	pr	0.865	0.963026838357373	0.813854166666667	1
Coverage	CIN_vs_Ca	Boruta_RF	pr	0.87	0.960015606426653	0.813051470588235	1
Coverage	CIN_vs_Ca	Boruta_RF	pr	0.875	0.956424973594033	0.813878676470588	1
Coverage	CIN_vs_Ca	Boruta_RF	pr	0.88	0.952834340761411	0.814705882352941	1
Coverage	CIN_vs_Ca	Boruta_RF	pr	0.885	0.949243707928777	0.815533088235294	1
Coverage	CIN_vs_Ca	Boruta_RF	pr	0.89	0.945653075096162	0.815455028404713	1
Coverage	CIN_vs_Ca	Boruta_RF	pr	0.895	0.942062442263546	0.810955371732026	1
Coverage	CIN_vs_Ca	Boruta_RF	pr	0.9	0.938471809430919	0.806627859477124	1
Coverage	CIN_vs_Ca	Boruta_RF	pr	0.905	0.934881176598289	0.802300347222222	1
Coverage	CIN_vs_Ca	Boruta_RF	pr	0.91	0.931290543765668	0.79797283496732	1
Coverage	CIN_vs_Ca	Boruta_RF	pr	0.915	0.927699910933045	0.793645322712418	1
Coverage	CIN_vs_Ca	Boruta_RF	pr	0.92	0.924109278100425	0.787282868978094	1
Coverage	CIN_vs_Ca	Boruta_RF	pr	0.925	0.920518645267802	0.780526803180177	1
Coverage	CIN_vs_Ca	Boruta_RF	pr	0.93	0.916928012435175	0.777124183006536	1
Coverage	CIN_vs_Ca	Boruta_RF	pr	0.935	0.90871468404433	0.774110322340672	0.9933438696975
Coverage	CIN_vs_Ca	Boruta_RF	pr	0.94	0.891255964537026	0.763304417042403	0.973375478790001
Coverage	CIN_vs_Ca	Boruta_RF	pr	0.945	0.873797245029726	0.753110911336534	0.953407087882501
Coverage	CIN_vs_Ca	Boruta_RF	pr	0.95	0.856338525522424	0.742885480387315	0.933438696975002
Coverage	CIN_vs_Ca	Boruta_RF	pr	0.955	0.83887980601512	0.732500761415473	0.913470306067503
Coverage	CIN_vs_Ca	Boruta_RF	pr	0.96	0.821421086507819	0.722052219178018	0.893501915160004
Coverage	CIN_vs_Ca	Boruta_RF	pr	0.965	0.803962367000519	0.711699587082604	0.873533524252504
Coverage	CIN_vs_Ca	Boruta_RF	pr	0.97	0.786503647493216	0.701266188551787	0.853565133345005
Coverage	CIN_vs_Ca	Boruta_RF	pr	0.975	0.769044927985916	0.690706592465653	0.833596742437505
Coverage	CIN_vs_Ca	Boruta_RF	pr	0.98	0.751586208478613	0.678347943655028	0.813628351530006
Coverage	CIN_vs_Ca	Boruta_RF	pr	0.985	0.734127488971309	0.664238777912941	0.79380479729833
Coverage	CIN_vs_Ca	Boruta_RF	pr	0.99	0.716668769464009	0.65069371965457	0.774016269301248
Coverage	CIN_vs_Ca	Boruta_RF	pr	0.995	0.699210049956707	0.633489055958388	0.755721815353696
Coverage	CIN_vs_Ca	Boruta_RF	pr	1	0.681751330449404	0.614946465777584	0.739488359703816
Abundance	Nor_vs_Ca	Boruta_RF	roc	0	0.830666666666656	0.6	1
Abundance	Nor_vs_Ca	Boruta_RF	roc	0.005	0.834970583333325	0.609958333333333	1
Abundance	Nor_vs_Ca	Boruta_RF	roc	0.01	0.839274499999999	0.619916666666667	1
Abundance	Nor_vs_Ca	Boruta_RF	roc	0.015	0.843578416666663	0.63	1
Abundance	Nor_vs_Ca	Boruta_RF	roc	0.02	0.847882333333333	0.64	1
Abundance	Nor_vs_Ca	Boruta_RF	roc	0.025	0.852186249999998	0.65	1
Abundance	Nor_vs_Ca	Boruta_RF	roc	0.03	0.856490166666665	0.66	1
Abundance	Nor_vs_Ca	Boruta_RF	roc	0.035	0.86079408333333	0.666666666666667	1
Abundance	Nor_vs_Ca	Boruta_RF	roc	0.04	0.865098000000002	0.666666666666667	1
Abundance	Nor_vs_Ca	Boruta_RF	roc	0.045	0.869401916666666	0.666666666666667	1
Abundance	Nor_vs_Ca	Boruta_RF	roc	0.05	0.873705833333334	0.666666666666667	1
Abundance	Nor_vs_Ca	Boruta_RF	roc	0.055	0.878009749999997	0.666666666666667	1
Abundance	Nor_vs_Ca	Boruta_RF	roc	0.06	0.882313666666665	0.666666666666667	1
Abundance	Nor_vs_Ca	Boruta_RF	roc	0.065	0.886617583333325	0.666666666666667	1
Abundance	Nor_vs_Ca	Boruta_RF	roc	0.07	0.889422166666659	0.676625	1
Abundance	Nor_vs_Ca	Boruta_RF	roc	0.075	0.891477083333331	0.685416666666667	1
Abundance	Nor_vs_Ca	Boruta_RF	roc	0.08	0.893532	0.693333333333333	1
Abundance	Nor_vs_Ca	Boruta_RF	roc	0.085	0.895586916666665	0.703333333333333	1
Abundance	Nor_vs_Ca	Boruta_RF	roc	0.09	0.897641833333331	0.711666666666667	1
Abundance	Nor_vs_Ca	Boruta_RF	roc	0.095	0.899696749999997	0.714166666666667	1
Abundance	Nor_vs_Ca	Boruta_RF	roc	0.1	0.901751666666665	0.716666666666667	1
Abundance	Nor_vs_Ca	Boruta_RF	roc	0.105	0.90380658333333	0.719166666666667	1
Abundance	Nor_vs_Ca	Boruta_RF	roc	0.11	0.905861499999996	0.721666666666667	1
Abundance	Nor_vs_Ca	Boruta_RF	roc	0.115	0.907916416666664	0.724166666666667	1
Abundance	Nor_vs_Ca	Boruta_RF	roc	0.12	0.909971333333332	0.726666666666667	1
Abundance	Nor_vs_Ca	Boruta_RF	roc	0.125	0.912026249999995	0.729166666666667	1
Abundance	Nor_vs_Ca	Boruta_RF	roc	0.13	0.914081166666661	0.731666666666667	1
Abundance	Nor_vs_Ca	Boruta_RF	roc	0.135	0.915773583333328	0.734145833333333	1
Abundance	Nor_vs_Ca	Boruta_RF	roc	0.14	0.916740999999997	0.736583333333333	1
Abundance	Nor_vs_Ca	Boruta_RF	roc	0.145	0.917708416666663	0.739020833333333	1
Abundance	Nor_vs_Ca	Boruta_RF	roc	0.15	0.918675833333331	0.741458333333333	1
Abundance	Nor_vs_Ca	Boruta_RF	roc	0.155	0.919643249999996	0.743895833333333	1
Abundance	Nor_vs_Ca	Boruta_RF	roc	0.16	0.920610666666666	0.746666666666667	1
Abundance	Nor_vs_Ca	Boruta_RF	roc	0.165	0.921578083333329	0.749166666666667	1
Abundance	Nor_vs_Ca	Boruta_RF	roc	0.17	0.922545499999998	0.751666666666667	1
Abundance	Nor_vs_Ca	Boruta_RF	roc	0.175	0.923512916666663	0.754166666666667	1
Abundance	Nor_vs_Ca	Boruta_RF	roc	0.18	0.924480333333332	0.759916666666667	1
Abundance	Nor_vs_Ca	Boruta_RF	roc	0.185	0.925447749999995	0.769729166666667	1
Abundance	Nor_vs_Ca	Boruta_RF	roc	0.19	0.926415166666663	0.774125	1
Abundance	Nor_vs_Ca	Boruta_RF	roc	0.195	0.927382583333327	0.7758125	1
Abundance	Nor_vs_Ca	Boruta_RF	roc	0.2	0.928349999999997	0.7775	1
Abundance	Nor_vs_Ca	Boruta_RF	roc	0.205	0.928802374999996	0.7793125	1
Abundance	Nor_vs_Ca	Boruta_RF	roc	0.21	0.929254749999997	0.781652777777778	1
Abundance	Nor_vs_Ca	Boruta_RF	roc	0.215	0.929707124999996	0.786975694444445	1
Abundance	Nor_vs_Ca	Boruta_RF	roc	0.22	0.930159499999998	0.788333333333333	1
Abundance	Nor_vs_Ca	Boruta_RF	roc	0.225	0.930611874999997	0.789583333333333	1
Abundance	Nor_vs_Ca	Boruta_RF	roc	0.23	0.931064249999997	0.7954375	1
Abundance	Nor_vs_Ca	Boruta_RF	roc	0.235	0.931516624999995	0.8	1
Abundance	Nor_vs_Ca	Boruta_RF	roc	0.24	0.931968999999997	0.8	1
Abundance	Nor_vs_Ca	Boruta_RF	roc	0.245	0.932421374999996	0.8	1
Abundance	Nor_vs_Ca	Boruta_RF	roc	0.25	0.932873749999996	0.8	1
Abundance	Nor_vs_Ca	Boruta_RF	roc	0.255	0.933326124999996	0.8	1
Abundance	Nor_vs_Ca	Boruta_RF	roc	0.26	0.933778499999996	0.8	1
Abundance	Nor_vs_Ca	Boruta_RF	roc	0.265	0.934230874999995	0.8	1
Abundance	Nor_vs_Ca	Boruta_RF	roc	0.27	0.934734388888884	0.8	1
Abundance	Nor_vs_Ca	Boruta_RF	roc	0.275	0.935263472222219	0.8	1
Abundance	Nor_vs_Ca	Boruta_RF	roc	0.28	0.935792555555554	0.8	1
Abundance	Nor_vs_Ca	Boruta_RF	roc	0.285	0.936321638888887	0.8	1
Abundance	Nor_vs_Ca	Boruta_RF	roc	0.29	0.936850722222219	0.8	1
Abundance	Nor_vs_Ca	Boruta_RF	roc	0.295	0.937379805555552	0.8	1
Abundance	Nor_vs_Ca	Boruta_RF	roc	0.3	0.937908888888886	0.8	1
Abundance	Nor_vs_Ca	Boruta_RF	roc	0.305	0.938437972222219	0.8	1
Abundance	Nor_vs_Ca	Boruta_RF	roc	0.31	0.938967055555552	0.8	1
Abundance	Nor_vs_Ca	Boruta_RF	roc	0.315	0.939496138888885	0.8	1
Abundance	Nor_vs_Ca	Boruta_RF	roc	0.32	0.94002522222222	0.8	1
Abundance	Nor_vs_Ca	Boruta_RF	roc	0.325	0.940554305555552	0.8	1
Abundance	Nor_vs_Ca	Boruta_RF	roc	0.33	0.941083388888885	0.8	1
Abundance	Nor_vs_Ca	Boruta_RF	roc	0.335	0.941672208333328	0.8	1
Abundance	Nor_vs_Ca	Boruta_RF	roc	0.34	0.942380499999999	0.8	1
Abundance	Nor_vs_Ca	Boruta_RF	roc	0.345	0.943088791666665	0.8	1
Abundance	Nor_vs_Ca	Boruta_RF	roc	0.35	0.943797083333332	0.8	1
Abundance	Nor_vs_Ca	Boruta_RF	roc	0.355	0.944505374999997	0.8	1
Abundance	Nor_vs_Ca	Boruta_RF	roc	0.36	0.945213666666667	0.8	1
Abundance	Nor_vs_Ca	Boruta_RF	roc	0.365	0.945921958333331	0.8	1
Abundance	Nor_vs_Ca	Boruta_RF	roc	0.37	0.946630249999999	0.8	1
Abundance	Nor_vs_Ca	Boruta_RF	roc	0.375	0.947338541666662	0.8	1
Abundance	Nor_vs_Ca	Boruta_RF	roc	0.38	0.948046833333333	0.8	1
Abundance	Nor_vs_Ca	Boruta_RF	roc	0.385	0.948755124999996	0.8	1
Abundance	Nor_vs_Ca	Boruta_RF	roc	0.39	0.949463416666664	0.8	1
Abundance	Nor_vs_Ca	Boruta_RF	roc	0.395	0.950171708333327	0.8	1
Abundance	Nor_vs_Ca	Boruta_RF	roc	0.4	0.950879999999998	0.8	1
Abundance	Nor_vs_Ca	Boruta_RF	roc	0.405	0.951847499999996	0.8	1
Abundance	Nor_vs_Ca	Boruta_RF	roc	0.41	0.952815	0.8	1
Abundance	Nor_vs_Ca	Boruta_RF	roc	0.415	0.953782499999996	0.8	1
Abundance	Nor_vs_Ca	Boruta_RF	roc	0.42	0.954750000000001	0.8	1
Abundance	Nor_vs_Ca	Boruta_RF	roc	0.425	0.955717499999998	0.8	1
Abundance	Nor_vs_Ca	Boruta_RF	roc	0.43	0.956684999999999	0.8	1
Abundance	Nor_vs_Ca	Boruta_RF	roc	0.435	0.957652499999994	0.8	1
Abundance	Nor_vs_Ca	Boruta_RF	roc	0.44	0.958620000000002	0.8	1
Abundance	Nor_vs_Ca	Boruta_RF	roc	0.445	0.959587499999996	0.8	1
Abundance	Nor_vs_Ca	Boruta_RF	roc	0.45	0.960554999999998	0.8	1
Abundance	Nor_vs_Ca	Boruta_RF	roc	0.455	0.961522499999992	0.8	1
Abundance	Nor_vs_Ca	Boruta_RF	roc	0.46	0.962489999999999	0.8	1
Abundance	Nor_vs_Ca	Boruta_RF	roc	0.465	0.963457499999993	0.8	1
Abundance	Nor_vs_Ca	Boruta_RF	roc	0.47	0.964452249999994	0.805	1
Abundance	Nor_vs_Ca	Boruta_RF	roc	0.475	0.965460624999998	0.8125	1
Abundance	Nor_vs_Ca	Boruta_RF	roc	0.48	0.966469000000003	0.82	1
Abundance	Nor_vs_Ca	Boruta_RF	roc	0.485	0.967477375	0.8275	1
Abundance	Nor_vs_Ca	Boruta_RF	roc	0.49	0.968485749999999	0.835	1
Abundance	Nor_vs_Ca	Boruta_RF	roc	0.495	0.969494124999996	0.8425	1
Abundance	Nor_vs_Ca	Boruta_RF	roc	0.5	0.9705025	0.85	1
Abundance	Nor_vs_Ca	Boruta_RF	roc	0.505	0.971510874999998	0.8575	1
Abundance	Nor_vs_Ca	Boruta_RF	roc	0.51	0.972519249999997	0.865	1
Abundance	Nor_vs_Ca	Boruta_RF	roc	0.515	0.973527624999995	0.866666666666667	1
Abundance	Nor_vs_Ca	Boruta_RF	roc	0.52	0.974536	0.866666666666667	1
Abundance	Nor_vs_Ca	Boruta_RF	roc	0.525	0.975544374999997	0.866666666666667	1
Abundance	Nor_vs_Ca	Boruta_RF	roc	0.53	0.976552749999995	0.866666666666667	1
Abundance	Nor_vs_Ca	Boruta_RF	roc	0.535	0.977500166666662	0.866666666666667	1
Abundance	Nor_vs_Ca	Boruta_RF	roc	0.54	0.978325666666668	0.866666666666667	1
Abundance	Nor_vs_Ca	Boruta_RF	roc	0.545	0.979151166666667	0.866666666666667	1
Abundance	Nor_vs_Ca	Boruta_RF	roc	0.55	0.979976666666668	0.866666666666667	1
Abundance	Nor_vs_Ca	Boruta_RF	roc	0.555	0.980802166666664	0.866666666666667	1
Abundance	Nor_vs_Ca	Boruta_RF	roc	0.56	0.98162766666667	0.866666666666667	1
Abundance	Nor_vs_Ca	Boruta_RF	roc	0.565	0.982453166666665	0.866666666666667	1
Abundance	Nor_vs_Ca	Boruta_RF	roc	0.57	0.983278666666667	0.866666666666667	1
Abundance	Nor_vs_Ca	Boruta_RF	roc	0.575	0.984104166666663	0.866666666666667	1
Abundance	Nor_vs_Ca	Boruta_RF	roc	0.58	0.984929666666668	0.866666666666667	1
Abundance	Nor_vs_Ca	Boruta_RF	roc	0.585	0.985755166666664	0.866666666666667	1
Abundance	Nor_vs_Ca	Boruta_RF	roc	0.59	0.986580666666665	0.866666666666667	1
Abundance	Nor_vs_Ca	Boruta_RF	roc	0.595	0.987406166666662	0.866666666666667	1
Abundance	Nor_vs_Ca	Boruta_RF	roc	0.6	0.988231666666666	0.866666666666667	1
Abundance	Nor_vs_Ca	Boruta_RF	roc	0.605	0.988729208333332	0.871666666666667	1
Abundance	Nor_vs_Ca	Boruta_RF	roc	0.61	0.98922675	0.876666666666667	1
Abundance	Nor_vs_Ca	Boruta_RF	roc	0.615	0.989724291666665	0.881666666666667	1
Abundance	Nor_vs_Ca	Boruta_RF	roc	0.62	0.990221833333334	0.886666666666667	1
Abundance	Nor_vs_Ca	Boruta_RF	roc	0.625	0.990719374999999	0.891666666666667	1
Abundance	Nor_vs_Ca	Boruta_RF	roc	0.63	0.991216916666666	0.896666666666667	1
Abundance	Nor_vs_Ca	Boruta_RF	roc	0.635	0.99171445833333	0.905	1
Abundance	Nor_vs_Ca	Boruta_RF	roc	0.64	0.992212000000001	0.92	1
Abundance	Nor_vs_Ca	Boruta_RF	roc	0.645	0.992709541666665	0.933333333333333	1
Abundance	Nor_vs_Ca	Boruta_RF	roc	0.65	0.993207083333332	0.933333333333333	1
Abundance	Nor_vs_Ca	Boruta_RF	roc	0.655	0.993704624999997	0.933333333333333	1
Abundance	Nor_vs_Ca	Boruta_RF	roc	0.66	0.994202166666666	0.933333333333333	1
Abundance	Nor_vs_Ca	Boruta_RF	roc	0.665	0.99469970833333	0.933333333333333	1
Abundance	Nor_vs_Ca	Boruta_RF	roc	0.67	0.99505322222222	0.934416666666667	1
Abundance	Nor_vs_Ca	Boruta_RF	roc	0.675	0.995334722222223	0.936041666666667	1
Abundance	Nor_vs_Ca	Boruta_RF	roc	0.68	0.995616222222223	0.937666666666667	1
Abundance	Nor_vs_Ca	Boruta_RF	roc	0.685	0.995897722222223	0.939347222222222	1
Abundance	Nor_vs_Ca	Boruta_RF	roc	0.69	0.996179222222222	0.941111111111111	1
Abundance	Nor_vs_Ca	Boruta_RF	roc	0.695	0.996460722222222	0.942777777777778	1
Abundance	Nor_vs_Ca	Boruta_RF	roc	0.7	0.996742222222223	0.95	1
Abundance	Nor_vs_Ca	Boruta_RF	roc	0.705	0.997023722222223	0.9525	1
Abundance	Nor_vs_Ca	Boruta_RF	roc	0.71	0.997305222222222	0.955	1
Abundance	Nor_vs_Ca	Boruta_RF	roc	0.715	0.997586722222222	0.963333333333333	1
Abundance	Nor_vs_Ca	Boruta_RF	roc	0.72	0.997868222222223	0.973333333333333	1
Abundance	Nor_vs_Ca	Boruta_RF	roc	0.725	0.998149722222222	0.983333333333333	1
Abundance	Nor_vs_Ca	Boruta_RF	roc	0.73	0.998431222222222	0.993333333333333	1
Abundance	Nor_vs_Ca	Boruta_RF	roc	0.735	0.998641611111111	1	1
Abundance	Nor_vs_Ca	Boruta_RF	roc	0.74	0.998709777777778	1	1
Abundance	Nor_vs_Ca	Boruta_RF	roc	0.745	0.998777944444445	1	1
Abundance	Nor_vs_Ca	Boruta_RF	roc	0.75	0.998846111111111	1	1
Abundance	Nor_vs_Ca	Boruta_RF	roc	0.755	0.998914277777778	1	1
Abundance	Nor_vs_Ca	Boruta_RF	roc	0.76	0.998982444444445	1	1
Abundance	Nor_vs_Ca	Boruta_RF	roc	0.765	0.999050611111111	1	1
Abundance	Nor_vs_Ca	Boruta_RF	roc	0.77	0.999118777777778	1	1
Abundance	Nor_vs_Ca	Boruta_RF	roc	0.775	0.999186944444444	1	1
Abundance	Nor_vs_Ca	Boruta_RF	roc	0.78	0.999255111111111	1	1
Abundance	Nor_vs_Ca	Boruta_RF	roc	0.785	0.999323277777778	1	1
Abundance	Nor_vs_Ca	Boruta_RF	roc	0.79	0.999391444444444	1	1
Abundance	Nor_vs_Ca	Boruta_RF	roc	0.795	0.999459611111111	1	1
Abundance	Nor_vs_Ca	Boruta_RF	roc	0.8	0.999527777777778	1	1
Abundance	Nor_vs_Ca	Boruta_RF	roc	0.805	0.999560694444444	1	1
Abundance	Nor_vs_Ca	Boruta_RF	roc	0.81	0.999593611111111	1	1
Abundance	Nor_vs_Ca	Boruta_RF	roc	0.815	0.999626527777778	1	1
Abundance	Nor_vs_Ca	Boruta_RF	roc	0.82	0.999659444444445	1	1
Abundance	Nor_vs_Ca	Boruta_RF	roc	0.825	0.999692361111111	1	1
Abundance	Nor_vs_Ca	Boruta_RF	roc	0.83	0.999725277777778	1	1
Abundance	Nor_vs_Ca	Boruta_RF	roc	0.835	0.999758194444444	1	1
Abundance	Nor_vs_Ca	Boruta_RF	roc	0.84	0.999791111111111	1	1
Abundance	Nor_vs_Ca	Boruta_RF	roc	0.845	0.999824027777778	1	1
Abundance	Nor_vs_Ca	Boruta_RF	roc	0.85	0.999856944444445	1	1
Abundance	Nor_vs_Ca	Boruta_RF	roc	0.855	0.999889861111111	1	1
Abundance	Nor_vs_Ca	Boruta_RF	roc	0.86	0.999922777777778	1	1
Abundance	Nor_vs_Ca	Boruta_RF	roc	0.865	0.999955694444444	1	1
Abundance	Nor_vs_Ca	Boruta_RF	roc	0.87	0.999968333333333	1	1
Abundance	Nor_vs_Ca	Boruta_RF	roc	0.875	0.999970833333333	1	1
Abundance	Nor_vs_Ca	Boruta_RF	roc	0.88	0.999973333333333	1	1
Abundance	Nor_vs_Ca	Boruta_RF	roc	0.885	0.999975833333333	1	1
Abundance	Nor_vs_Ca	Boruta_RF	roc	0.89	0.999978333333333	1	1
Abundance	Nor_vs_Ca	Boruta_RF	roc	0.895	0.999980833333333	1	1
Abundance	Nor_vs_Ca	Boruta_RF	roc	0.9	0.999983333333333	1	1
Abundance	Nor_vs_Ca	Boruta_RF	roc	0.905	0.999985833333333	1	1
Abundance	Nor_vs_Ca	Boruta_RF	roc	0.91	0.999988333333333	1	1
Abundance	Nor_vs_Ca	Boruta_RF	roc	0.915	0.999990833333333	1	1
Abundance	Nor_vs_Ca	Boruta_RF	roc	0.92	0.999993333333333	1	1
Abundance	Nor_vs_Ca	Boruta_RF	roc	0.925	0.999995833333333	1	1
Abundance	Nor_vs_Ca	Boruta_RF	roc	0.93	0.999998333333333	1	1
Abundance	Nor_vs_Ca	Boruta_RF	roc	0.935	1	1	1
Abundance	Nor_vs_Ca	Boruta_RF	roc	0.94	1	1	1
Abundance	Nor_vs_Ca	Boruta_RF	roc	0.945	1	1	1
Abundance	Nor_vs_Ca	Boruta_RF	roc	0.95	1	1	1
Abundance	Nor_vs_Ca	Boruta_RF	roc	0.955	1	1	1
Abundance	Nor_vs_Ca	Boruta_RF	roc	0.96	1	1	1
Abundance	Nor_vs_Ca	Boruta_RF	roc	0.965	1	1	1
Abundance	Nor_vs_Ca	Boruta_RF	roc	0.97	1	1	1
Abundance	Nor_vs_Ca	Boruta_RF	roc	0.975	1	1	1
Abundance	Nor_vs_Ca	Boruta_RF	roc	0.98	1	1	1
Abundance	Nor_vs_Ca	Boruta_RF	roc	0.985	1	1	1
Abundance	Nor_vs_Ca	Boruta_RF	roc	0.99	1	1	1
Abundance	Nor_vs_Ca	Boruta_RF	roc	0.995	1	1	1
Abundance	Nor_vs_Ca	Boruta_RF	roc	1	1	1	1
Abundance	Nor_vs_Ca	Boruta_RF	pr	0	1	1	1
Abundance	Nor_vs_Ca	Boruta_RF	pr	0.005	1	1	1
Abundance	Nor_vs_Ca	Boruta_RF	pr	0.01	1	1	1
Abundance	Nor_vs_Ca	Boruta_RF	pr	0.015	1	1	1
Abundance	Nor_vs_Ca	Boruta_RF	pr	0.02	1	1	1
Abundance	Nor_vs_Ca	Boruta_RF	pr	0.025	1	1	1
Abundance	Nor_vs_Ca	Boruta_RF	pr	0.03	1	1	1
Abundance	Nor_vs_Ca	Boruta_RF	pr	0.035	1	1	1
Abundance	Nor_vs_Ca	Boruta_RF	pr	0.04	1	1	1
Abundance	Nor_vs_Ca	Boruta_RF	pr	0.045	1	1	1
Abundance	Nor_vs_Ca	Boruta_RF	pr	0.05	1	1	1
Abundance	Nor_vs_Ca	Boruta_RF	pr	0.055	1	1	1
Abundance	Nor_vs_Ca	Boruta_RF	pr	0.06	1	1	1
Abundance	Nor_vs_Ca	Boruta_RF	pr	0.065	1	1	1
Abundance	Nor_vs_Ca	Boruta_RF	pr	0.07	1	1	1
Abundance	Nor_vs_Ca	Boruta_RF	pr	0.075	1	1	1
Abundance	Nor_vs_Ca	Boruta_RF	pr	0.08	1	1	1
Abundance	Nor_vs_Ca	Boruta_RF	pr	0.085	1	1	1
Abundance	Nor_vs_Ca	Boruta_RF	pr	0.09	1	1	1
Abundance	Nor_vs_Ca	Boruta_RF	pr	0.095	1	1	1
Abundance	Nor_vs_Ca	Boruta_RF	pr	0.1	1	1	1
Abundance	Nor_vs_Ca	Boruta_RF	pr	0.105	1	1	1
Abundance	Nor_vs_Ca	Boruta_RF	pr	0.11	1	1	1
Abundance	Nor_vs_Ca	Boruta_RF	pr	0.115	1	1	1
Abundance	Nor_vs_Ca	Boruta_RF	pr	0.12	1	1	1
Abundance	Nor_vs_Ca	Boruta_RF	pr	0.125	1	1	1
Abundance	Nor_vs_Ca	Boruta_RF	pr	0.13	1	1	1
Abundance	Nor_vs_Ca	Boruta_RF	pr	0.135	1	1	1
Abundance	Nor_vs_Ca	Boruta_RF	pr	0.14	1	1	1
Abundance	Nor_vs_Ca	Boruta_RF	pr	0.145	1	1	1
Abundance	Nor_vs_Ca	Boruta_RF	pr	0.15	1	1	1
Abundance	Nor_vs_Ca	Boruta_RF	pr	0.155	1	1	1
Abundance	Nor_vs_Ca	Boruta_RF	pr	0.16	1	1	1
Abundance	Nor_vs_Ca	Boruta_RF	pr	0.165	1	1	1
Abundance	Nor_vs_Ca	Boruta_RF	pr	0.17	1	1	1
Abundance	Nor_vs_Ca	Boruta_RF	pr	0.175	1	1	1
Abundance	Nor_vs_Ca	Boruta_RF	pr	0.18	1	1	1
Abundance	Nor_vs_Ca	Boruta_RF	pr	0.185	1	1	1
Abundance	Nor_vs_Ca	Boruta_RF	pr	0.19	1	1	1
Abundance	Nor_vs_Ca	Boruta_RF	pr	0.195	1	1	1
Abundance	Nor_vs_Ca	Boruta_RF	pr	0.2	1	1	1
Abundance	Nor_vs_Ca	Boruta_RF	pr	0.205	1	1	1
Abundance	Nor_vs_Ca	Boruta_RF	pr	0.21	1	1	1
Abundance	Nor_vs_Ca	Boruta_RF	pr	0.215	1	1	1
Abundance	Nor_vs_Ca	Boruta_RF	pr	0.22	1	1	1
Abundance	Nor_vs_Ca	Boruta_RF	pr	0.225	1	1	1
Abundance	Nor_vs_Ca	Boruta_RF	pr	0.23	1	1	1
Abundance	Nor_vs_Ca	Boruta_RF	pr	0.235	1	1	1
Abundance	Nor_vs_Ca	Boruta_RF	pr	0.24	1	1	1
Abundance	Nor_vs_Ca	Boruta_RF	pr	0.245	1	1	1
Abundance	Nor_vs_Ca	Boruta_RF	pr	0.25	1	1	1
Abundance	Nor_vs_Ca	Boruta_RF	pr	0.255	1	1	1
Abundance	Nor_vs_Ca	Boruta_RF	pr	0.26	1	1	1
Abundance	Nor_vs_Ca	Boruta_RF	pr	0.265	1	1	1
Abundance	Nor_vs_Ca	Boruta_RF	pr	0.27	0.999997222222222	1	1
Abundance	Nor_vs_Ca	Boruta_RF	pr	0.275	0.999993055555555	1	1
Abundance	Nor_vs_Ca	Boruta_RF	pr	0.28	0.999988888888889	1	1
Abundance	Nor_vs_Ca	Boruta_RF	pr	0.285	0.999984722222222	1	1
Abundance	Nor_vs_Ca	Boruta_RF	pr	0.29	0.999980555555556	1	1
Abundance	Nor_vs_Ca	Boruta_RF	pr	0.295	0.999976388888889	1	1
Abundance	Nor_vs_Ca	Boruta_RF	pr	0.3	0.999972222222222	1	1
Abundance	Nor_vs_Ca	Boruta_RF	pr	0.305	0.999968055555556	1	1
Abundance	Nor_vs_Ca	Boruta_RF	pr	0.31	0.999963888888889	1	1
Abundance	Nor_vs_Ca	Boruta_RF	pr	0.315	0.999959722222222	1	1
Abundance	Nor_vs_Ca	Boruta_RF	pr	0.32	0.999955555555555	1	1
Abundance	Nor_vs_Ca	Boruta_RF	pr	0.325	0.999951388888889	1	1
Abundance	Nor_vs_Ca	Boruta_RF	pr	0.33	0.999947222222222	1	1
Abundance	Nor_vs_Ca	Boruta_RF	pr	0.335	0.999943203601954	1	1
Abundance	Nor_vs_Ca	Boruta_RF	pr	0.34	0.999939481074481	1	1
Abundance	Nor_vs_Ca	Boruta_RF	pr	0.345	0.999935758547009	1	1
Abundance	Nor_vs_Ca	Boruta_RF	pr	0.35	0.999932036019536	1	1
Abundance	Nor_vs_Ca	Boruta_RF	pr	0.355	0.999928313492063	1	1
Abundance	Nor_vs_Ca	Boruta_RF	pr	0.36	0.999924590964591	1	1
Abundance	Nor_vs_Ca	Boruta_RF	pr	0.365	0.999920868437118	1	1
Abundance	Nor_vs_Ca	Boruta_RF	pr	0.37	0.999917145909646	1	1
Abundance	Nor_vs_Ca	Boruta_RF	pr	0.375	0.999913423382173	1	1
Abundance	Nor_vs_Ca	Boruta_RF	pr	0.38	0.999909700854701	1	1
Abundance	Nor_vs_Ca	Boruta_RF	pr	0.385	0.999905978327228	1	1
Abundance	Nor_vs_Ca	Boruta_RF	pr	0.39	0.999902255799756	1	1
Abundance	Nor_vs_Ca	Boruta_RF	pr	0.395	0.999898533272283	1	1
Abundance	Nor_vs_Ca	Boruta_RF	pr	0.4	0.999894810744811	1	1
Abundance	Nor_vs_Ca	Boruta_RF	pr	0.405	0.999858862162143	1	1
Abundance	Nor_vs_Ca	Boruta_RF	pr	0.41	0.999822913579476	1	1
Abundance	Nor_vs_Ca	Boruta_RF	pr	0.415	0.999786964996809	1	1
Abundance	Nor_vs_Ca	Boruta_RF	pr	0.42	0.999751016414141	1	1
Abundance	Nor_vs_Ca	Boruta_RF	pr	0.425	0.999715067831474	1	1
Abundance	Nor_vs_Ca	Boruta_RF	pr	0.43	0.999679119248807	1	1
Abundance	Nor_vs_Ca	Boruta_RF	pr	0.435	0.999643170666139	1	1
Abundance	Nor_vs_Ca	Boruta_RF	pr	0.44	0.999607222083472	1	1
Abundance	Nor_vs_Ca	Boruta_RF	pr	0.445	0.999571273500805	1	1
Abundance	Nor_vs_Ca	Boruta_RF	pr	0.45	0.999535324918137	1	1
Abundance	Nor_vs_Ca	Boruta_RF	pr	0.455	0.99949937633547	1	1
Abundance	Nor_vs_Ca	Boruta_RF	pr	0.46	0.999463427752803	1	1
Abundance	Nor_vs_Ca	Boruta_RF	pr	0.465	0.999427479170136	1	1
Abundance	Nor_vs_Ca	Boruta_RF	pr	0.47	0.999330427457959	0.998747767857143	1
Abundance	Nor_vs_Ca	Boruta_RF	pr	0.475	0.999202824181027	0.996869419642857	1
Abundance	Nor_vs_Ca	Boruta_RF	pr	0.48	0.999075220904096	0.994991071428571	1
Abundance	Nor_vs_Ca	Boruta_RF	pr	0.485	0.998947617627164	0.993112723214286	1
Abundance	Nor_vs_Ca	Boruta_RF	pr	0.49	0.998820014350233	0.991234375	1
Abundance	Nor_vs_Ca	Boruta_RF	pr	0.495	0.998692411073302	0.989356026785714	1
Abundance	Nor_vs_Ca	Boruta_RF	pr	0.5	0.998564807796371	0.987477678571429	1
Abundance	Nor_vs_Ca	Boruta_RF	pr	0.505	0.998437204519439	0.985599330357143	1
Abundance	Nor_vs_Ca	Boruta_RF	pr	0.51	0.998309601242507	0.983720982142857	1
Abundance	Nor_vs_Ca	Boruta_RF	pr	0.515	0.998181997965576	0.981842633928571	1
Abundance	Nor_vs_Ca	Boruta_RF	pr	0.52	0.998054394688645	0.979964285714286	1
Abundance	Nor_vs_Ca	Boruta_RF	pr	0.525	0.997926791411713	0.9780859375	1
Abundance	Nor_vs_Ca	Boruta_RF	pr	0.53	0.997799188134781	0.976207589285714	1
Abundance	Nor_vs_Ca	Boruta_RF	pr	0.535	0.997602956918255	0.974329241071429	1
Abundance	Nor_vs_Ca	Boruta_RF	pr	0.54	0.997269469822539	0.972450892857143	1
Abundance	Nor_vs_Ca	Boruta_RF	pr	0.545	0.996935982726821	0.970129362824675	1
Abundance	Nor_vs_Ca	Boruta_RF	pr	0.55	0.996602495631106	0.962395833333333	1
Abundance	Nor_vs_Ca	Boruta_RF	pr	0.555	0.996269008535388	0.959286458333333	1
Abundance	Nor_vs_Ca	Boruta_RF	pr	0.56	0.995935521439673	0.951515151515151	1
Abundance	Nor_vs_Ca	Boruta_RF	pr	0.565	0.995602034343954	0.94537037037037	1
Abundance	Nor_vs_Ca	Boruta_RF	pr	0.57	0.995268547248238	0.942592592592593	1
Abundance	Nor_vs_Ca	Boruta_RF	pr	0.575	0.994935060152521	0.939814814814815	1
Abundance	Nor_vs_Ca	Boruta_RF	pr	0.58	0.994601573056805	0.936363636363637	1
Abundance	Nor_vs_Ca	Boruta_RF	pr	0.585	0.994268085961087	0.929545454545455	1
Abundance	Nor_vs_Ca	Boruta_RF	pr	0.59	0.993934598865372	0.922727272727273	1
Abundance	Nor_vs_Ca	Boruta_RF	pr	0.595	0.993601111769654	0.915909090909091	1
Abundance	Nor_vs_Ca	Boruta_RF	pr	0.6	0.993267624673938	0.909090909090909	1
Abundance	Nor_vs_Ca	Boruta_RF	pr	0.605	0.992505421808197	0.904446022727273	1
Abundance	Nor_vs_Ca	Boruta_RF	pr	0.61	0.991743218942459	0.901363636363636	1
Abundance	Nor_vs_Ca	Boruta_RF	pr	0.615	0.990981016076719	0.902045454545455	1
Abundance	Nor_vs_Ca	Boruta_RF	pr	0.62	0.990218813210979	0.902727272727273	1
Abundance	Nor_vs_Ca	Boruta_RF	pr	0.625	0.989456610345237	0.897750374760573	1
Abundance	Nor_vs_Ca	Boruta_RF	pr	0.63	0.988694407479499	0.888461538461538	1
Abundance	Nor_vs_Ca	Boruta_RF	pr	0.635	0.987932204613758	0.882692307692308	1
Abundance	Nor_vs_Ca	Boruta_RF	pr	0.64	0.987170001748019	0.876904761904762	1
Abundance	Nor_vs_Ca	Boruta_RF	pr	0.645	0.986407798882279	0.864629120879121	1
Abundance	Nor_vs_Ca	Boruta_RF	pr	0.65	0.98564559601654	0.854318181818182	1
Abundance	Nor_vs_Ca	Boruta_RF	pr	0.655	0.9848833931508	0.842857142857143	1
Abundance	Nor_vs_Ca	Boruta_RF	pr	0.66	0.984121190285061	0.838409090909091	1
Abundance	Nor_vs_Ca	Boruta_RF	pr	0.665	0.98335898741932	0.834602272727273	1
Abundance	Nor_vs_Ca	Boruta_RF	pr	0.67	0.982131891450922	0.833974358974359	1
Abundance	Nor_vs_Ca	Boruta_RF	pr	0.675	0.980672348931188	0.834935897435897	1
Abundance	Nor_vs_Ca	Boruta_RF	pr	0.68	0.979212806411453	0.834065934065934	1
Abundance	Nor_vs_Ca	Boruta_RF	pr	0.685	0.977753263891722	0.829532967032967	1
Abundance	Nor_vs_Ca	Boruta_RF	pr	0.69	0.976293721371992	0.825	1
Abundance	Nor_vs_Ca	Boruta_RF	pr	0.695	0.974834178852257	0.820467032967033	1
Abundance	Nor_vs_Ca	Boruta_RF	pr	0.7	0.973374636332524	0.815776036463536	1
Abundance	Nor_vs_Ca	Boruta_RF	pr	0.705	0.971915093812792	0.80865734135656	1
Abundance	Nor_vs_Ca	Boruta_RF	pr	0.71	0.970455551293061	0.804387321879509	1
Abundance	Nor_vs_Ca	Boruta_RF	pr	0.715	0.968996008773327	0.800339719742063	1
Abundance	Nor_vs_Ca	Boruta_RF	pr	0.72	0.967536466253599	0.796292117604618	1
Abundance	Nor_vs_Ca	Boruta_RF	pr	0.725	0.966076923733865	0.789155982905983	1
Abundance	Nor_vs_Ca	Boruta_RF	pr	0.73	0.964617381214133	0.786492673992674	1
Abundance	Nor_vs_Ca	Boruta_RF	pr	0.735	0.962823636938399	0.783803133292791	1
Abundance	Nor_vs_Ca	Boruta_RF	pr	0.74	0.960361489150665	0.777717139048602	1
Abundance	Nor_vs_Ca	Boruta_RF	pr	0.745	0.957899341362927	0.771710462619059	1
Abundance	Nor_vs_Ca	Boruta_RF	pr	0.75	0.955437193575191	0.765684444232238	1
Abundance	Nor_vs_Ca	Boruta_RF	pr	0.755	0.952975045787458	0.758729156684604	1
Abundance	Nor_vs_Ca	Boruta_RF	pr	0.76	0.95051289799972	0.751083321047717	1
Abundance	Nor_vs_Ca	Boruta_RF	pr	0.765	0.948050750211983	0.744461294934641	1
Abundance	Nor_vs_Ca	Boruta_RF	pr	0.77	0.945588602424247	0.741825850721839	1
Abundance	Nor_vs_Ca	Boruta_RF	pr	0.775	0.943126454636512	0.730644047606819	1
Abundance	Nor_vs_Ca	Boruta_RF	pr	0.78	0.940664306848777	0.71939122473489	1
Abundance	Nor_vs_Ca	Boruta_RF	pr	0.785	0.938202159061037	0.709993327444614	1
Abundance	Nor_vs_Ca	Boruta_RF	pr	0.79	0.935740011273302	0.704442434210526	1
Abundance	Nor_vs_Ca	Boruta_RF	pr	0.795	0.933277863485571	0.70415922471384	1
Abundance	Nor_vs_Ca	Boruta_RF	pr	0.8	0.930815715697832	0.694428534571723	1
Abundance	Nor_vs_Ca	Boruta_RF	pr	0.805	0.926496602125326	0.688757302435777	1
Abundance	Nor_vs_Ca	Boruta_RF	pr	0.81	0.92217748855282	0.683368489583333	1
Abundance	Nor_vs_Ca	Boruta_RF	pr	0.815	0.917858374980304	0.675520425086153	1
Abundance	Nor_vs_Ca	Boruta_RF	pr	0.82	0.9135392614078	0.671929824561404	1
Abundance	Nor_vs_Ca	Boruta_RF	pr	0.825	0.90922014783529	0.665396166484686	1
Abundance	Nor_vs_Ca	Boruta_RF	pr	0.83	0.904901034262785	0.660326371996167	1
Abundance	Nor_vs_Ca	Boruta_RF	pr	0.835	0.900581920690278	0.653392315519958	1
Abundance	Nor_vs_Ca	Boruta_RF	pr	0.84	0.896262807117769	0.647031850459482	1
Abundance	Nor_vs_Ca	Boruta_RF	pr	0.845	0.891943693545262	0.641947039641216	1
Abundance	Nor_vs_Ca	Boruta_RF	pr	0.85	0.887624579972755	0.636587002125412	1
Abundance	Nor_vs_Ca	Boruta_RF	pr	0.855	0.883305466400245	0.632261640798226	1
Abundance	Nor_vs_Ca	Boruta_RF	pr	0.86	0.878986352827741	0.626063372278736	1
Abundance	Nor_vs_Ca	Boruta_RF	pr	0.865	0.874667239255228	0.620429707080201	1
Abundance	Nor_vs_Ca	Boruta_RF	pr	0.87	0.869254711809727	0.61991341991342	1
Abundance	Nor_vs_Ca	Boruta_RF	pr	0.875	0.863295477427727	0.620507769107314	1
Abundance	Nor_vs_Ca	Boruta_RF	pr	0.88	0.857336243045724	0.618407419832228	1
Abundance	Nor_vs_Ca	Boruta_RF	pr	0.885	0.85137700866372	0.616174404485114	1
Abundance	Nor_vs_Ca	Boruta_RF	pr	0.89	0.845417774281725	0.612270220588235	1
Abundance	Nor_vs_Ca	Boruta_RF	pr	0.895	0.839458539899723	0.612890625	1
Abundance	Nor_vs_Ca	Boruta_RF	pr	0.9	0.833499305517723	0.613511029411765	1
Abundance	Nor_vs_Ca	Boruta_RF	pr	0.905	0.827540071135717	0.609551187612683	1
Abundance	Nor_vs_Ca	Boruta_RF	pr	0.91	0.821580836753719	0.602537001507489	1
Abundance	Nor_vs_Ca	Boruta_RF	pr	0.915	0.815621602371716	0.596280589965713	1
Abundance	Nor_vs_Ca	Boruta_RF	pr	0.92	0.809662367989717	0.590451780663162	1
Abundance	Nor_vs_Ca	Boruta_RF	pr	0.925	0.803703133607716	0.588813659348786	1
Abundance	Nor_vs_Ca	Boruta_RF	pr	0.93	0.797743899225714	0.586386521749328	1
Abundance	Nor_vs_Ca	Boruta_RF	pr	0.935	0.788924933415695	0.582428138364099	0.992177553641914
Abundance	Nor_vs_Ca	Boruta_RF	pr	0.94	0.774386504749636	0.579712553456396	0.968710214567657
Abundance	Nor_vs_Ca	Boruta_RF	pr	0.945	0.75984807608358	0.576996968548693	0.9452428754934
Abundance	Nor_vs_Ca	Boruta_RF	pr	0.95	0.745309647417523	0.574281383640989	0.921775536419143
Abundance	Nor_vs_Ca	Boruta_RF	pr	0.955	0.730771218751464	0.571565798733286	0.898308197344886
Abundance	Nor_vs_Ca	Boruta_RF	pr	0.96	0.716232790085408	0.568850213825583	0.87484085827063
Abundance	Nor_vs_Ca	Boruta_RF	pr	0.965	0.701694361419347	0.56613462891788	0.851373519196372
Abundance	Nor_vs_Ca	Boruta_RF	pr	0.97	0.687155932753291	0.563419044010177	0.827906180122115
Abundance	Nor_vs_Ca	Boruta_RF	pr	0.975	0.672617504087234	0.559406761384036	0.8044483254415
Abundance	Nor_vs_Ca	Boruta_RF	pr	0.98	0.658079075421177	0.555159949032381	0.781118073015924
Abundance	Nor_vs_Ca	Boruta_RF	pr	0.985	0.643540646755119	0.548557146002944	0.758746797047365
Abundance	Nor_vs_Ca	Boruta_RF	pr	0.99	0.629002218089061	0.545412017426334	0.740206281511097
Abundance	Nor_vs_Ca	Boruta_RF	pr	0.995	0.614463789423004	0.539168653049195	0.720946780319664
Abundance	Nor_vs_Ca	Boruta_RF	pr	1	0.599925360756947	0.529944002357795	0.703737044386422
Coverage	Nor_vs_Ca	Boruta_RF	roc	0	0.933066666666661	0.8	1
Coverage	Nor_vs_Ca	Boruta_RF	roc	0.005	0.933416541666662	0.8	1
Coverage	Nor_vs_Ca	Boruta_RF	roc	0.01	0.933766416666663	0.8	1
Coverage	Nor_vs_Ca	Boruta_RF	roc	0.015	0.934116291666662	0.8	1
Coverage	Nor_vs_Ca	Boruta_RF	roc	0.02	0.934466166666664	0.8	1
Coverage	Nor_vs_Ca	Boruta_RF	roc	0.025	0.934816041666662	0.8	1
Coverage	Nor_vs_Ca	Boruta_RF	roc	0.03	0.935165916666663	0.8	1
Coverage	Nor_vs_Ca	Boruta_RF	roc	0.035	0.935515791666661	0.8	1
Coverage	Nor_vs_Ca	Boruta_RF	roc	0.04	0.935865666666663	0.8	1
Coverage	Nor_vs_Ca	Boruta_RF	roc	0.045	0.936215541666662	0.8	1
Coverage	Nor_vs_Ca	Boruta_RF	roc	0.05	0.936565416666663	0.8	1
Coverage	Nor_vs_Ca	Boruta_RF	roc	0.055	0.936915291666661	0.8	1
Coverage	Nor_vs_Ca	Boruta_RF	roc	0.06	0.937265166666663	0.8	1
Coverage	Nor_vs_Ca	Boruta_RF	roc	0.065	0.937615041666661	0.8	1
Coverage	Nor_vs_Ca	Boruta_RF	roc	0.07	0.938257472222217	0.8	1
Coverage	Nor_vs_Ca	Boruta_RF	roc	0.075	0.939046180555552	0.8	1
Coverage	Nor_vs_Ca	Boruta_RF	roc	0.08	0.939834888888888	0.8	1
Coverage	Nor_vs_Ca	Boruta_RF	roc	0.085	0.940623597222219	0.8	1
Coverage	Nor_vs_Ca	Boruta_RF	roc	0.09	0.941412305555553	0.8	1
Coverage	Nor_vs_Ca	Boruta_RF	roc	0.095	0.942201013888883	0.8	1
Coverage	Nor_vs_Ca	Boruta_RF	roc	0.1	0.94298972222222	0.8	1
Coverage	Nor_vs_Ca	Boruta_RF	roc	0.105	0.943778430555552	0.8	1
Coverage	Nor_vs_Ca	Boruta_RF	roc	0.11	0.944567138888886	0.8	1
Coverage	Nor_vs_Ca	Boruta_RF	roc	0.115	0.945355847222216	0.8	1
Coverage	Nor_vs_Ca	Boruta_RF	roc	0.12	0.946144555555554	0.8	1
Coverage	Nor_vs_Ca	Boruta_RF	roc	0.125	0.946933263888884	0.8	1
Coverage	Nor_vs_Ca	Boruta_RF	roc	0.13	0.947721972222217	0.8	1
Coverage	Nor_vs_Ca	Boruta_RF	roc	0.135	0.948643930555549	0.8	1
Coverage	Nor_vs_Ca	Boruta_RF	roc	0.14	0.949832388888889	0.8	1
Coverage	Nor_vs_Ca	Boruta_RF	roc	0.145	0.951020847222223	0.8	1
Coverage	Nor_vs_Ca	Boruta_RF	roc	0.15	0.952209305555554	0.8	1
Coverage	Nor_vs_Ca	Boruta_RF	roc	0.155	0.953397763888885	0.8	1
Coverage	Nor_vs_Ca	Boruta_RF	roc	0.16	0.954586222222224	0.8	1
Coverage	Nor_vs_Ca	Boruta_RF	roc	0.165	0.955774680555553	0.8	1
Coverage	Nor_vs_Ca	Boruta_RF	roc	0.17	0.956963138888887	0.8	1
Coverage	Nor_vs_Ca	Boruta_RF	roc	0.175	0.958151597222217	0.8	1
Coverage	Nor_vs_Ca	Boruta_RF	roc	0.18	0.959340055555556	0.8	1
Coverage	Nor_vs_Ca	Boruta_RF	roc	0.185	0.960528513888886	0.8	1
Coverage	Nor_vs_Ca	Boruta_RF	roc	0.19	0.961716972222219	0.8	1
Coverage	Nor_vs_Ca	Boruta_RF	roc	0.195	0.962905430555549	0.8	1
Coverage	Nor_vs_Ca	Boruta_RF	roc	0.2	0.964093888888887	0.8	1
Coverage	Nor_vs_Ca	Boruta_RF	roc	0.205	0.965268138888889	0.8148125	1
Coverage	Nor_vs_Ca	Boruta_RF	roc	0.21	0.966442388888891	0.829625	1
Coverage	Nor_vs_Ca	Boruta_RF	roc	0.215	0.967616638888887	0.841729166666667	1
Coverage	Nor_vs_Ca	Boruta_RF	roc	0.22	0.968790888888893	0.848416666666667	1
Coverage	Nor_vs_Ca	Boruta_RF	roc	0.225	0.969965138888888	0.855104166666667	1
Coverage	Nor_vs_Ca	Boruta_RF	roc	0.23	0.971139388888889	0.862	1
Coverage	Nor_vs_Ca	Boruta_RF	roc	0.235	0.972313638888884	0.866666666666667	1
Coverage	Nor_vs_Ca	Boruta_RF	roc	0.24	0.973487888888893	0.866666666666667	1
Coverage	Nor_vs_Ca	Boruta_RF	roc	0.245	0.974662138888887	0.866666666666667	1
Coverage	Nor_vs_Ca	Boruta_RF	roc	0.25	0.975836388888888	0.866666666666667	1
Coverage	Nor_vs_Ca	Boruta_RF	roc	0.255	0.977010638888883	0.866666666666667	1
Coverage	Nor_vs_Ca	Boruta_RF	roc	0.26	0.97818488888889	0.866666666666667	1
Coverage	Nor_vs_Ca	Boruta_RF	roc	0.265	0.979359138888884	0.866666666666667	1
Coverage	Nor_vs_Ca	Boruta_RF	roc	0.27	0.980310749999997	0.866666666666667	1
Coverage	Nor_vs_Ca	Boruta_RF	roc	0.275	0.981151041666666	0.866666666666667	1
Coverage	Nor_vs_Ca	Boruta_RF	roc	0.28	0.981991333333337	0.866666666666667	1
Coverage	Nor_vs_Ca	Boruta_RF	roc	0.285	0.982831625	0.866666666666667	1
Coverage	Nor_vs_Ca	Boruta_RF	roc	0.29	0.983671916666668	0.866666666666667	1
Coverage	Nor_vs_Ca	Boruta_RF	roc	0.295	0.984512208333331	0.866666666666667	1
Coverage	Nor_vs_Ca	Boruta_RF	roc	0.3	0.985352500000002	0.866666666666667	1
Coverage	Nor_vs_Ca	Boruta_RF	roc	0.305	0.986192791666665	0.866666666666667	1
Coverage	Nor_vs_Ca	Boruta_RF	roc	0.31	0.987033083333333	0.866666666666667	1
Coverage	Nor_vs_Ca	Boruta_RF	roc	0.315	0.987873374999996	0.866666666666667	1
Coverage	Nor_vs_Ca	Boruta_RF	roc	0.32	0.988713666666669	0.866666666666667	1
Coverage	Nor_vs_Ca	Boruta_RF	roc	0.325	0.989553958333331	0.866666666666667	1
Coverage	Nor_vs_Ca	Boruta_RF	roc	0.33	0.990394249999998	0.866666666666667	1
Coverage	Nor_vs_Ca	Boruta_RF	roc	0.335	0.991101458333332	0.87	1
Coverage	Nor_vs_Ca	Boruta_RF	roc	0.34	0.991542500000002	0.88	1
Coverage	Nor_vs_Ca	Boruta_RF	roc	0.345	0.991983541666668	0.89	1
Coverage	Nor_vs_Ca	Boruta_RF	roc	0.35	0.992424583333334	0.9	1
Coverage	Nor_vs_Ca	Boruta_RF	roc	0.355	0.992865624999999	0.91	1
Coverage	Nor_vs_Ca	Boruta_RF	roc	0.36	0.993306666666669	0.92	1
Coverage	Nor_vs_Ca	Boruta_RF	roc	0.365	0.993747708333333	0.93	1
Coverage	Nor_vs_Ca	Boruta_RF	roc	0.37	0.994188750000001	0.933333333333333	1
Coverage	Nor_vs_Ca	Boruta_RF	roc	0.375	0.994629791666665	0.933333333333333	1
Coverage	Nor_vs_Ca	Boruta_RF	roc	0.38	0.995070833333334	0.933333333333333	1
Coverage	Nor_vs_Ca	Boruta_RF	roc	0.385	0.995511874999999	0.933333333333333	1
Coverage	Nor_vs_Ca	Boruta_RF	roc	0.39	0.995952916666666	0.933333333333333	1
Coverage	Nor_vs_Ca	Boruta_RF	roc	0.395	0.996393958333331	0.933333333333333	1
Coverage	Nor_vs_Ca	Boruta_RF	roc	0.4	0.996835	0.933333333333333	1
Coverage	Nor_vs_Ca	Boruta_RF	roc	0.405	0.9970295	0.938333333333333	1
Coverage	Nor_vs_Ca	Boruta_RF	roc	0.41	0.997224	0.943333333333333	1
Coverage	Nor_vs_Ca	Boruta_RF	roc	0.415	0.9974185	0.948333333333333	1
Coverage	Nor_vs_Ca	Boruta_RF	roc	0.42	0.997613000000001	0.953333333333333	1
Coverage	Nor_vs_Ca	Boruta_RF	roc	0.425	0.9978075	0.958333333333333	1
Coverage	Nor_vs_Ca	Boruta_RF	roc	0.43	0.998002	0.963333333333333	1
Coverage	Nor_vs_Ca	Boruta_RF	roc	0.435	0.998196499999999	0.968333333333333	1
Coverage	Nor_vs_Ca	Boruta_RF	roc	0.44	0.998391000000001	0.973333333333333	1
Coverage	Nor_vs_Ca	Boruta_RF	roc	0.445	0.9985855	0.978333333333333	1
Coverage	Nor_vs_Ca	Boruta_RF	roc	0.45	0.99878	0.983333333333333	1
Coverage	Nor_vs_Ca	Boruta_RF	roc	0.455	0.998974499999999	0.988333333333333	1
Coverage	Nor_vs_Ca	Boruta_RF	roc	0.46	0.999169	0.993333333333333	1
Coverage	Nor_vs_Ca	Boruta_RF	roc	0.465	0.999363499999999	0.998333333333333	1
Coverage	Nor_vs_Ca	Boruta_RF	roc	0.47	0.999451916666666	1	1
Coverage	Nor_vs_Ca	Boruta_RF	roc	0.475	0.999487291666667	1	1
Coverage	Nor_vs_Ca	Boruta_RF	roc	0.48	0.999522666666667	1	1
Coverage	Nor_vs_Ca	Boruta_RF	roc	0.485	0.999558041666667	1	1
Coverage	Nor_vs_Ca	Boruta_RF	roc	0.49	0.999593416666666	1	1
Coverage	Nor_vs_Ca	Boruta_RF	roc	0.495	0.999628791666667	1	1
Coverage	Nor_vs_Ca	Boruta_RF	roc	0.5	0.999664166666667	1	1
Coverage	Nor_vs_Ca	Boruta_RF	roc	0.505	0.999699541666667	1	1
Coverage	Nor_vs_Ca	Boruta_RF	roc	0.51	0.999734916666666	1	1
Coverage	Nor_vs_Ca	Boruta_RF	roc	0.515	0.999770291666667	1	1
Coverage	Nor_vs_Ca	Boruta_RF	roc	0.52	0.999805666666667	1	1
Coverage	Nor_vs_Ca	Boruta_RF	roc	0.525	0.999841041666667	1	1
Coverage	Nor_vs_Ca	Boruta_RF	roc	0.53	0.999876416666666	1	1
Coverage	Nor_vs_Ca	Boruta_RF	roc	0.535	0.999901041666667	1	1
Coverage	Nor_vs_Ca	Boruta_RF	roc	0.54	0.999904166666667	1	1
Coverage	Nor_vs_Ca	Boruta_RF	roc	0.545	0.999907291666667	1	1
Coverage	Nor_vs_Ca	Boruta_RF	roc	0.55	0.999910416666667	1	1
Coverage	Nor_vs_Ca	Boruta_RF	roc	0.555	0.999913541666667	1	1
Coverage	Nor_vs_Ca	Boruta_RF	roc	0.56	0.999916666666667	1	1
Coverage	Nor_vs_Ca	Boruta_RF	roc	0.565	0.999919791666667	1	1
Coverage	Nor_vs_Ca	Boruta_RF	roc	0.57	0.999922916666667	1	1
Coverage	Nor_vs_Ca	Boruta_RF	roc	0.575	0.999926041666667	1	1
Coverage	Nor_vs_Ca	Boruta_RF	roc	0.58	0.999929166666667	1	1
Coverage	Nor_vs_Ca	Boruta_RF	roc	0.585	0.999932291666667	1	1
Coverage	Nor_vs_Ca	Boruta_RF	roc	0.59	0.999935416666667	1	1
Coverage	Nor_vs_Ca	Boruta_RF	roc	0.595	0.999938541666667	1	1
Coverage	Nor_vs_Ca	Boruta_RF	roc	0.6	0.999941666666667	1	1
Coverage	Nor_vs_Ca	Boruta_RF	roc	0.605	0.999944791666667	1	1
Coverage	Nor_vs_Ca	Boruta_RF	roc	0.61	0.999947916666667	1	1
Coverage	Nor_vs_Ca	Boruta_RF	roc	0.615	0.999951041666667	1	1
Coverage	Nor_vs_Ca	Boruta_RF	roc	0.62	0.999954166666667	1	1
Coverage	Nor_vs_Ca	Boruta_RF	roc	0.625	0.999957291666667	1	1
Coverage	Nor_vs_Ca	Boruta_RF	roc	0.63	0.999960416666667	1	1
Coverage	Nor_vs_Ca	Boruta_RF	roc	0.635	0.999963541666667	1	1
Coverage	Nor_vs_Ca	Boruta_RF	roc	0.64	0.999966666666667	1	1
Coverage	Nor_vs_Ca	Boruta_RF	roc	0.645	0.999969791666667	1	1
Coverage	Nor_vs_Ca	Boruta_RF	roc	0.65	0.999972916666667	1	1
Coverage	Nor_vs_Ca	Boruta_RF	roc	0.655	0.999976041666667	1	1
Coverage	Nor_vs_Ca	Boruta_RF	roc	0.66	0.999979166666667	1	1
Coverage	Nor_vs_Ca	Boruta_RF	roc	0.665	0.999982291666667	1	1
Coverage	Nor_vs_Ca	Boruta_RF	roc	0.67	0.999984166666667	1	1
Coverage	Nor_vs_Ca	Boruta_RF	roc	0.675	0.999985416666667	1	1
Coverage	Nor_vs_Ca	Boruta_RF	roc	0.68	0.999986666666667	1	1
Coverage	Nor_vs_Ca	Boruta_RF	roc	0.685	0.999987916666667	1	1
Coverage	Nor_vs_Ca	Boruta_RF	roc	0.69	0.999989166666667	1	1
Coverage	Nor_vs_Ca	Boruta_RF	roc	0.695	0.999990416666667	1	1
Coverage	Nor_vs_Ca	Boruta_RF	roc	0.7	0.999991666666667	1	1
Coverage	Nor_vs_Ca	Boruta_RF	roc	0.705	0.999992916666667	1	1
Coverage	Nor_vs_Ca	Boruta_RF	roc	0.71	0.999994166666667	1	1
Coverage	Nor_vs_Ca	Boruta_RF	roc	0.715	0.999995416666667	1	1
Coverage	Nor_vs_Ca	Boruta_RF	roc	0.72	0.999996666666667	1	1
Coverage	Nor_vs_Ca	Boruta_RF	roc	0.725	0.999997916666667	1	1
Coverage	Nor_vs_Ca	Boruta_RF	roc	0.73	0.999999166666667	1	1
Coverage	Nor_vs_Ca	Boruta_RF	roc	0.735	1	1	1
Coverage	Nor_vs_Ca	Boruta_RF	roc	0.74	1	1	1
Coverage	Nor_vs_Ca	Boruta_RF	roc	0.745	1	1	1
Coverage	Nor_vs_Ca	Boruta_RF	roc	0.75	1	1	1
Coverage	Nor_vs_Ca	Boruta_RF	roc	0.755	1	1	1
Coverage	Nor_vs_Ca	Boruta_RF	roc	0.76	1	1	1
Coverage	Nor_vs_Ca	Boruta_RF	roc	0.765	1	1	1
Coverage	Nor_vs_Ca	Boruta_RF	roc	0.77	1	1	1
Coverage	Nor_vs_Ca	Boruta_RF	roc	0.775	1	1	1
Coverage	Nor_vs_Ca	Boruta_RF	roc	0.78	1	1	1
Coverage	Nor_vs_Ca	Boruta_RF	roc	0.785	1	1	1
Coverage	Nor_vs_Ca	Boruta_RF	roc	0.79	1	1	1
Coverage	Nor_vs_Ca	Boruta_RF	roc	0.795	1	1	1
Coverage	Nor_vs_Ca	Boruta_RF	roc	0.8	1	1	1
Coverage	Nor_vs_Ca	Boruta_RF	roc	0.805	1	1	1
Coverage	Nor_vs_Ca	Boruta_RF	roc	0.81	1	1	1
Coverage	Nor_vs_Ca	Boruta_RF	roc	0.815	1	1	1
Coverage	Nor_vs_Ca	Boruta_RF	roc	0.82	1	1	1
Coverage	Nor_vs_Ca	Boruta_RF	roc	0.825	1	1	1
Coverage	Nor_vs_Ca	Boruta_RF	roc	0.83	1	1	1
Coverage	Nor_vs_Ca	Boruta_RF	roc	0.835	1	1	1
Coverage	Nor_vs_Ca	Boruta_RF	roc	0.84	1	1	1
Coverage	Nor_vs_Ca	Boruta_RF	roc	0.845	1	1	1
Coverage	Nor_vs_Ca	Boruta_RF	roc	0.85	1	1	1
Coverage	Nor_vs_Ca	Boruta_RF	roc	0.855	1	1	1
Coverage	Nor_vs_Ca	Boruta_RF	roc	0.86	1	1	1
Coverage	Nor_vs_Ca	Boruta_RF	roc	0.865	1	1	1
Coverage	Nor_vs_Ca	Boruta_RF	roc	0.87	1	1	1
Coverage	Nor_vs_Ca	Boruta_RF	roc	0.875	1	1	1
Coverage	Nor_vs_Ca	Boruta_RF	roc	0.88	1	1	1
Coverage	Nor_vs_Ca	Boruta_RF	roc	0.885	1	1	1
Coverage	Nor_vs_Ca	Boruta_RF	roc	0.89	1	1	1
Coverage	Nor_vs_Ca	Boruta_RF	roc	0.895	1	1	1
Coverage	Nor_vs_Ca	Boruta_RF	roc	0.9	1	1	1
Coverage	Nor_vs_Ca	Boruta_RF	roc	0.905	1	1	1
Coverage	Nor_vs_Ca	Boruta_RF	roc	0.91	1	1	1
Coverage	Nor_vs_Ca	Boruta_RF	roc	0.915	1	1	1
Coverage	Nor_vs_Ca	Boruta_RF	roc	0.92	1	1	1
Coverage	Nor_vs_Ca	Boruta_RF	roc	0.925	1	1	1
Coverage	Nor_vs_Ca	Boruta_RF	roc	0.93	1	1	1
Coverage	Nor_vs_Ca	Boruta_RF	roc	0.935	1	1	1
Coverage	Nor_vs_Ca	Boruta_RF	roc	0.94	1	1	1
Coverage	Nor_vs_Ca	Boruta_RF	roc	0.945	1	1	1
Coverage	Nor_vs_Ca	Boruta_RF	roc	0.95	1	1	1
Coverage	Nor_vs_Ca	Boruta_RF	roc	0.955	1	1	1
Coverage	Nor_vs_Ca	Boruta_RF	roc	0.96	1	1	1
Coverage	Nor_vs_Ca	Boruta_RF	roc	0.965	1	1	1
Coverage	Nor_vs_Ca	Boruta_RF	roc	0.97	1	1	1
Coverage	Nor_vs_Ca	Boruta_RF	roc	0.975	1	1	1
Coverage	Nor_vs_Ca	Boruta_RF	roc	0.98	1	1	1
Coverage	Nor_vs_Ca	Boruta_RF	roc	0.985	1	1	1
Coverage	Nor_vs_Ca	Boruta_RF	roc	0.99	1	1	1
Coverage	Nor_vs_Ca	Boruta_RF	roc	0.995	1	1	1
Coverage	Nor_vs_Ca	Boruta_RF	roc	1	1	1	1
Coverage	Nor_vs_Ca	Boruta_RF	pr	0	1	1	1
Coverage	Nor_vs_Ca	Boruta_RF	pr	0.005	1	1	1
Coverage	Nor_vs_Ca	Boruta_RF	pr	0.01	1	1	1
Coverage	Nor_vs_Ca	Boruta_RF	pr	0.015	1	1	1
Coverage	Nor_vs_Ca	Boruta_RF	pr	0.02	1	1	1
Coverage	Nor_vs_Ca	Boruta_RF	pr	0.025	1	1	1
Coverage	Nor_vs_Ca	Boruta_RF	pr	0.03	1	1	1
Coverage	Nor_vs_Ca	Boruta_RF	pr	0.035	1	1	1
Coverage	Nor_vs_Ca	Boruta_RF	pr	0.04	1	1	1
Coverage	Nor_vs_Ca	Boruta_RF	pr	0.045	1	1	1
Coverage	Nor_vs_Ca	Boruta_RF	pr	0.05	1	1	1
Coverage	Nor_vs_Ca	Boruta_RF	pr	0.055	1	1	1
Coverage	Nor_vs_Ca	Boruta_RF	pr	0.06	1	1	1
Coverage	Nor_vs_Ca	Boruta_RF	pr	0.065	1	1	1
Coverage	Nor_vs_Ca	Boruta_RF	pr	0.07	1	1	1
Coverage	Nor_vs_Ca	Boruta_RF	pr	0.075	1	1	1
Coverage	Nor_vs_Ca	Boruta_RF	pr	0.08	1	1	1
Coverage	Nor_vs_Ca	Boruta_RF	pr	0.085	1	1	1
Coverage	Nor_vs_Ca	Boruta_RF	pr	0.09	1	1	1
Coverage	Nor_vs_Ca	Boruta_RF	pr	0.095	1	1	1
Coverage	Nor_vs_Ca	Boruta_RF	pr	0.1	1	1	1
Coverage	Nor_vs_Ca	Boruta_RF	pr	0.105	1	1	1
Coverage	Nor_vs_Ca	Boruta_RF	pr	0.11	1	1	1
Coverage	Nor_vs_Ca	Boruta_RF	pr	0.115	1	1	1
Coverage	Nor_vs_Ca	Boruta_RF	pr	0.12	1	1	1
Coverage	Nor_vs_Ca	Boruta_RF	pr	0.125	1	1	1
Coverage	Nor_vs_Ca	Boruta_RF	pr	0.13	1	1	1
Coverage	Nor_vs_Ca	Boruta_RF	pr	0.135	1	1	1
Coverage	Nor_vs_Ca	Boruta_RF	pr	0.14	1	1	1
Coverage	Nor_vs_Ca	Boruta_RF	pr	0.145	1	1	1
Coverage	Nor_vs_Ca	Boruta_RF	pr	0.15	1	1	1
Coverage	Nor_vs_Ca	Boruta_RF	pr	0.155	1	1	1
Coverage	Nor_vs_Ca	Boruta_RF	pr	0.16	1	1	1
Coverage	Nor_vs_Ca	Boruta_RF	pr	0.165	1	1	1
Coverage	Nor_vs_Ca	Boruta_RF	pr	0.17	1	1	1
Coverage	Nor_vs_Ca	Boruta_RF	pr	0.175	1	1	1
Coverage	Nor_vs_Ca	Boruta_RF	pr	0.18	1	1	1
Coverage	Nor_vs_Ca	Boruta_RF	pr	0.185	1	1	1
Coverage	Nor_vs_Ca	Boruta_RF	pr	0.19	1	1	1
Coverage	Nor_vs_Ca	Boruta_RF	pr	0.195	1	1	1
Coverage	Nor_vs_Ca	Boruta_RF	pr	0.2	1	1	1
Coverage	Nor_vs_Ca	Boruta_RF	pr	0.205	1	1	1
Coverage	Nor_vs_Ca	Boruta_RF	pr	0.21	1	1	1
Coverage	Nor_vs_Ca	Boruta_RF	pr	0.215	1	1	1
Coverage	Nor_vs_Ca	Boruta_RF	pr	0.22	1	1	1
Coverage	Nor_vs_Ca	Boruta_RF	pr	0.225	1	1	1
Coverage	Nor_vs_Ca	Boruta_RF	pr	0.23	1	1	1
Coverage	Nor_vs_Ca	Boruta_RF	pr	0.235	1	1	1
Coverage	Nor_vs_Ca	Boruta_RF	pr	0.24	1	1	1
Coverage	Nor_vs_Ca	Boruta_RF	pr	0.245	1	1	1
Coverage	Nor_vs_Ca	Boruta_RF	pr	0.25	1	1	1
Coverage	Nor_vs_Ca	Boruta_RF	pr	0.255	1	1	1
Coverage	Nor_vs_Ca	Boruta_RF	pr	0.26	1	1	1
Coverage	Nor_vs_Ca	Boruta_RF	pr	0.265	1	1	1
Coverage	Nor_vs_Ca	Boruta_RF	pr	0.27	1	1	1
Coverage	Nor_vs_Ca	Boruta_RF	pr	0.275	1	1	1
Coverage	Nor_vs_Ca	Boruta_RF	pr	0.28	1	1	1
Coverage	Nor_vs_Ca	Boruta_RF	pr	0.285	1	1	1
Coverage	Nor_vs_Ca	Boruta_RF	pr	0.29	1	1	1
Coverage	Nor_vs_Ca	Boruta_RF	pr	0.295	1	1	1
Coverage	Nor_vs_Ca	Boruta_RF	pr	0.3	1	1	1
Coverage	Nor_vs_Ca	Boruta_RF	pr	0.305	1	1	1
Coverage	Nor_vs_Ca	Boruta_RF	pr	0.31	1	1	1
Coverage	Nor_vs_Ca	Boruta_RF	pr	0.315	1	1	1
Coverage	Nor_vs_Ca	Boruta_RF	pr	0.32	1	1	1
Coverage	Nor_vs_Ca	Boruta_RF	pr	0.325	1	1	1
Coverage	Nor_vs_Ca	Boruta_RF	pr	0.33	1	1	1
Coverage	Nor_vs_Ca	Boruta_RF	pr	0.335	1	1	1
Coverage	Nor_vs_Ca	Boruta_RF	pr	0.34	1	1	1
Coverage	Nor_vs_Ca	Boruta_RF	pr	0.345	1	1	1
Coverage	Nor_vs_Ca	Boruta_RF	pr	0.35	1	1	1
Coverage	Nor_vs_Ca	Boruta_RF	pr	0.355	1	1	1
Coverage	Nor_vs_Ca	Boruta_RF	pr	0.36	1	1	1
Coverage	Nor_vs_Ca	Boruta_RF	pr	0.365	1	1	1
Coverage	Nor_vs_Ca	Boruta_RF	pr	0.37	1	1	1
Coverage	Nor_vs_Ca	Boruta_RF	pr	0.375	1	1	1
Coverage	Nor_vs_Ca	Boruta_RF	pr	0.38	1	1	1
Coverage	Nor_vs_Ca	Boruta_RF	pr	0.385	1	1	1
Coverage	Nor_vs_Ca	Boruta_RF	pr	0.39	1	1	1
Coverage	Nor_vs_Ca	Boruta_RF	pr	0.395	1	1	1
Coverage	Nor_vs_Ca	Boruta_RF	pr	0.4	1	1	1
Coverage	Nor_vs_Ca	Boruta_RF	pr	0.405	1	1	1
Coverage	Nor_vs_Ca	Boruta_RF	pr	0.41	1	1	1
Coverage	Nor_vs_Ca	Boruta_RF	pr	0.415	1	1	1
Coverage	Nor_vs_Ca	Boruta_RF	pr	0.42	1	1	1
Coverage	Nor_vs_Ca	Boruta_RF	pr	0.425	1	1	1
Coverage	Nor_vs_Ca	Boruta_RF	pr	0.43	1	1	1
Coverage	Nor_vs_Ca	Boruta_RF	pr	0.435	1	1	1
Coverage	Nor_vs_Ca	Boruta_RF	pr	0.44	1	1	1
Coverage	Nor_vs_Ca	Boruta_RF	pr	0.445	1	1	1
Coverage	Nor_vs_Ca	Boruta_RF	pr	0.45	1	1	1
Coverage	Nor_vs_Ca	Boruta_RF	pr	0.455	1	1	1
Coverage	Nor_vs_Ca	Boruta_RF	pr	0.46	1	1	1
Coverage	Nor_vs_Ca	Boruta_RF	pr	0.465	1	1	1
Coverage	Nor_vs_Ca	Boruta_RF	pr	0.47	0.999999097007224	1	1
Coverage	Nor_vs_Ca	Boruta_RF	pr	0.475	0.99999774251806	1	1
Coverage	Nor_vs_Ca	Boruta_RF	pr	0.48	0.999996388028896	1	1
Coverage	Nor_vs_Ca	Boruta_RF	pr	0.485	0.999995033539732	1	1
Coverage	Nor_vs_Ca	Boruta_RF	pr	0.49	0.999993679050568	1	1
Coverage	Nor_vs_Ca	Boruta_RF	pr	0.495	0.999992324561403	1	1
Coverage	Nor_vs_Ca	Boruta_RF	pr	0.5	0.999990970072239	1	1
Coverage	Nor_vs_Ca	Boruta_RF	pr	0.505	0.999989615583075	1	1
Coverage	Nor_vs_Ca	Boruta_RF	pr	0.51	0.999988261093911	1	1
Coverage	Nor_vs_Ca	Boruta_RF	pr	0.515	0.999986906604747	1	1
Coverage	Nor_vs_Ca	Boruta_RF	pr	0.52	0.999985552115583	1	1
Coverage	Nor_vs_Ca	Boruta_RF	pr	0.525	0.999984197626419	1	1
Coverage	Nor_vs_Ca	Boruta_RF	pr	0.53	0.999982843137255	1	1
Coverage	Nor_vs_Ca	Boruta_RF	pr	0.535	0.999978788106845	1	1
Coverage	Nor_vs_Ca	Boruta_RF	pr	0.54	0.999969331993944	1	1
Coverage	Nor_vs_Ca	Boruta_RF	pr	0.545	0.999959875881043	1	1
Coverage	Nor_vs_Ca	Boruta_RF	pr	0.55	0.999950419768142	1	1
Coverage	Nor_vs_Ca	Boruta_RF	pr	0.555	0.99994096365524	1	1
Coverage	Nor_vs_Ca	Boruta_RF	pr	0.56	0.999931507542339	1	1
Coverage	Nor_vs_Ca	Boruta_RF	pr	0.565	0.999922051429438	1	1
Coverage	Nor_vs_Ca	Boruta_RF	pr	0.57	0.999912595316537	1	1
Coverage	Nor_vs_Ca	Boruta_RF	pr	0.575	0.999903139203636	1	1
Coverage	Nor_vs_Ca	Boruta_RF	pr	0.58	0.999893683090734	1	1
Coverage	Nor_vs_Ca	Boruta_RF	pr	0.585	0.999884226977833	1	1
Coverage	Nor_vs_Ca	Boruta_RF	pr	0.59	0.999874770864932	1	1
Coverage	Nor_vs_Ca	Boruta_RF	pr	0.595	0.999865314752031	1	1
Coverage	Nor_vs_Ca	Boruta_RF	pr	0.6	0.99985585863913	1	1
Coverage	Nor_vs_Ca	Boruta_RF	pr	0.605	0.999761038338266	1	1
Coverage	Nor_vs_Ca	Boruta_RF	pr	0.61	0.999666218037402	1	1
Coverage	Nor_vs_Ca	Boruta_RF	pr	0.615	0.999571397736539	1	1
Coverage	Nor_vs_Ca	Boruta_RF	pr	0.62	0.999476577435675	1	1
Coverage	Nor_vs_Ca	Boruta_RF	pr	0.625	0.999381757134811	1	1
Coverage	Nor_vs_Ca	Boruta_RF	pr	0.63	0.999286936833947	1	1
Coverage	Nor_vs_Ca	Boruta_RF	pr	0.635	0.999192116533083	1	1
Coverage	Nor_vs_Ca	Boruta_RF	pr	0.64	0.99909729623222	1	1
Coverage	Nor_vs_Ca	Boruta_RF	pr	0.645	0.999002475931356	1	1
Coverage	Nor_vs_Ca	Boruta_RF	pr	0.65	0.998907655630492	1	1
Coverage	Nor_vs_Ca	Boruta_RF	pr	0.655	0.998812835329629	1	1
Coverage	Nor_vs_Ca	Boruta_RF	pr	0.66	0.998718015028765	1	1
Coverage	Nor_vs_Ca	Boruta_RF	pr	0.665	0.998623194727901	1	1
Coverage	Nor_vs_Ca	Boruta_RF	pr	0.67	0.998333819081259	0.993342490842491	1
Coverage	Nor_vs_Ca	Boruta_RF	pr	0.675	0.99794716576173	0.983356227106227	1
Coverage	Nor_vs_Ca	Boruta_RF	pr	0.68	0.997560512442199	0.975819543201896	1
Coverage	Nor_vs_Ca	Boruta_RF	pr	0.685	0.997173859122668	0.970342371323529	1
Coverage	Nor_vs_Ca	Boruta_RF	pr	0.69	0.996787205803138	0.962498546694319	1
Coverage	Nor_vs_Ca	Boruta_RF	pr	0.695	0.996400552483609	0.955852380952381	1
Coverage	Nor_vs_Ca	Boruta_RF	pr	0.7	0.996013899164077	0.94806162464986	1
Coverage	Nor_vs_Ca	Boruta_RF	pr	0.705	0.995627245844547	0.94178387605042	1
Coverage	Nor_vs_Ca	Boruta_RF	pr	0.71	0.995240592525017	0.935924678308823	1
Coverage	Nor_vs_Ca	Boruta_RF	pr	0.715	0.994853939205486	0.928642331932773	1
Coverage	Nor_vs_Ca	Boruta_RF	pr	0.72	0.994467285885957	0.921260504201681	1
Coverage	Nor_vs_Ca	Boruta_RF	pr	0.725	0.994080632566426	0.915178571428572	1
Coverage	Nor_vs_Ca	Boruta_RF	pr	0.73	0.993693979246895	0.911779726890756	1
Coverage	Nor_vs_Ca	Boruta_RF	pr	0.735	0.993023477929167	0.90615543592437	1
Coverage	Nor_vs_Ca	Boruta_RF	pr	0.74	0.991785280615047	0.899325226244344	1
Coverage	Nor_vs_Ca	Boruta_RF	pr	0.745	0.990547083300924	0.895405649038462	1
Coverage	Nor_vs_Ca	Boruta_RF	pr	0.75	0.989308885986801	0.890938947694463	1
Coverage	Nor_vs_Ca	Boruta_RF	pr	0.755	0.988070688672679	0.887482212301587	1
Coverage	Nor_vs_Ca	Boruta_RF	pr	0.76	0.986832491358558	0.881970277777778	1
Coverage	Nor_vs_Ca	Boruta_RF	pr	0.765	0.985594294044434	0.87558179945055	1
Coverage	Nor_vs_Ca	Boruta_RF	pr	0.77	0.984356096730312	0.864585700464396	1
Coverage	Nor_vs_Ca	Boruta_RF	pr	0.775	0.98311789941619	0.853272888102609	1
Coverage	Nor_vs_Ca	Boruta_RF	pr	0.78	0.98187970210207	0.848263913176607	1
Coverage	Nor_vs_Ca	Boruta_RF	pr	0.785	0.980641504787946	0.83577380952381	1
Coverage	Nor_vs_Ca	Boruta_RF	pr	0.79	0.979403307473825	0.824786416408669	1
Coverage	Nor_vs_Ca	Boruta_RF	pr	0.795	0.978165110159703	0.813949522243108	1
Coverage	Nor_vs_Ca	Boruta_RF	pr	0.8	0.976926912845579	0.803151260504202	1
Coverage	Nor_vs_Ca	Boruta_RF	pr	0.805	0.974002767645094	0.8009375	1
Coverage	Nor_vs_Ca	Boruta_RF	pr	0.81	0.971078622444609	0.800047619047619	1
Coverage	Nor_vs_Ca	Boruta_RF	pr	0.815	0.968154477244122	0.793180672268908	1
Coverage	Nor_vs_Ca	Boruta_RF	pr	0.82	0.965230332043638	0.786313725490196	1
Coverage	Nor_vs_Ca	Boruta_RF	pr	0.825	0.962306186843152	0.779446778711485	1
Coverage	Nor_vs_Ca	Boruta_RF	pr	0.83	0.959382041642664	0.772579831932773	1
Coverage	Nor_vs_Ca	Boruta_RF	pr	0.835	0.956457896442181	0.765712885154062	1
Coverage	Nor_vs_Ca	Boruta_RF	pr	0.84	0.953533751241693	0.75884593837535	1
Coverage	Nor_vs_Ca	Boruta_RF	pr	0.845	0.950609606041209	0.756264705882353	1
Coverage	Nor_vs_Ca	Boruta_RF	pr	0.85	0.947685460840723	0.748408748114631	1
Coverage	Nor_vs_Ca	Boruta_RF	pr	0.855	0.944761315640236	0.740552790346908	1
Coverage	Nor_vs_Ca	Boruta_RF	pr	0.86	0.94183717043975	0.732696832579186	1
Coverage	Nor_vs_Ca	Boruta_RF	pr	0.865	0.938913025239267	0.724840874811463	1
Coverage	Nor_vs_Ca	Boruta_RF	pr	0.87	0.934579885350542	0.722953216374269	1
Coverage	Nor_vs_Ca	Boruta_RF	pr	0.875	0.929542248117699	0.724049707602339	1
Coverage	Nor_vs_Ca	Boruta_RF	pr	0.88	0.924504610884865	0.725146198830409	1
Coverage	Nor_vs_Ca	Boruta_RF	pr	0.885	0.919466973652019	0.72624269005848	1
Coverage	Nor_vs_Ca	Boruta_RF	pr	0.89	0.914429336419188	0.72733918128655	1
Coverage	Nor_vs_Ca	Boruta_RF	pr	0.895	0.90939169918635	0.72843567251462	1
Coverage	Nor_vs_Ca	Boruta_RF	pr	0.9	0.904354061953508	0.728412698412698	1
Coverage	Nor_vs_Ca	Boruta_RF	pr	0.905	0.899316424720667	0.719150793650794	1
Coverage	Nor_vs_Ca	Boruta_RF	pr	0.91	0.894278787487832	0.709888888888889	1
Coverage	Nor_vs_Ca	Boruta_RF	pr	0.915	0.889241150254989	0.700626984126984	1
Coverage	Nor_vs_Ca	Boruta_RF	pr	0.92	0.88420351302215	0.696842105263158	1
Coverage	Nor_vs_Ca	Boruta_RF	pr	0.925	0.879165875789311	0.698026315789474	1
Coverage	Nor_vs_Ca	Boruta_RF	pr	0.93	0.874128238556471	0.699210526315789	1
Coverage	Nor_vs_Ca	Boruta_RF	pr	0.935	0.865282369115831	0.697420913352132	0.992893725707181
Coverage	Nor_vs_Ca	Boruta_RF	pr	0.94	0.848820035259589	0.689683653408529	0.971574902828724
Coverage	Nor_vs_Ca	Boruta_RF	pr	0.945	0.832357701403345	0.681946393464926	0.950256079950268
Coverage	Nor_vs_Ca	Boruta_RF	pr	0.95	0.815895367547103	0.674209133521323	0.928937257071811
Coverage	Nor_vs_Ca	Boruta_RF	pr	0.955	0.799433033690861	0.66647187357772	0.907618434193354
Coverage	Nor_vs_Ca	Boruta_RF	pr	0.96	0.782970699834619	0.658734613634117	0.886299611314898
Coverage	Nor_vs_Ca	Boruta_RF	pr	0.965	0.766508365978375	0.650482502610302	0.864980788436441
Coverage	Nor_vs_Ca	Boruta_RF	pr	0.97	0.750046032122133	0.642153665859346	0.843661965557984
Coverage	Nor_vs_Ca	Boruta_RF	pr	0.975	0.73358369826589	0.634265529385621	0.822343142679528
Coverage	Nor_vs_Ca	Boruta_RF	pr	0.98	0.717121364409648	0.625169095440261	0.801024319801071
Coverage	Nor_vs_Ca	Boruta_RF	pr	0.985	0.700659030553404	0.614633276285535	0.779774707009
Coverage	Nor_vs_Ca	Boruta_RF	pr	0.99	0.684196696697161	0.602533732508754	0.75944266715759
Coverage	Nor_vs_Ca	Boruta_RF	pr	0.995	0.66773436284092	0.590657773086079	0.739982955771588
Coverage	Nor_vs_Ca	Boruta_RF	pr	1	0.651272028984677	0.577023072198247	0.722859041740716
